kind	path	line	evidence
sql-read	app/AssignmentOrderComposition/MariaDbAssignmentOrderApplicationOperation.php	14	$case=$s->rows('SELECT * FROM '.$s->table('fm2_installation_cases').' WHERE legacy_installation_object_id=? FOR UPDATE',[$c->objectId]);
sql-read	app/AssignmentOrderComposition/MariaDbAssignmentOrderApplicationOperation.php	18	$accepted=$s->rows('SELECT * FROM '.$s->table('fm2_assignment_order_applications').' WHERE request_id=? FOR UPDATE',[$c->requestId]);
sql-read	app/AssignmentOrderComposition/MariaDbAssignmentOrderApplicationOperation.php	20	$previous=$s->rows('SELECT * FROM '.$s->table('fm2_assignment_order_applications').' WHERE installation_case_id=? ORDER BY application_sequence DESC LIMIT 1 FOR UPDATE',[$m['caseId']]);
sql-read	app/AssignmentOrderComposition/MariaDbAssignmentOrderApplicationOperation.php	24	$legacy=$s->rows('SELECT workdatefinish,ptoactdate FROM '.$s->table('fm_maintable').' WHERE id=? FOR UPDATE',[$c->objectId]);if(count($legacy)!==1)throw new \RuntimeException();
sql-read	app/AssignmentOrderComposition/MariaDbAssignmentOrderApplicationOperation.php	25	$completion=$s->rows('SELECT fact_type FROM '.$s->table('fm2_pilot_completion_facts').' WHERE installation_case_id=? FOR UPDATE',[$m['caseId']]);
sql-write-or-schema	app/AssignmentOrderComposition/MariaDbAssignmentOrderApplicationOperation.php	39	$s->execute('INSERT INTO '.$s->table('fm2_process_events').' (installation_case_id,event_type,occurred_at,actor_user_id,payload_json) VALUES (?,?,?,?,?)',[$m['caseId'],'assignment_order_composition_applied',$at,$c->actorId,$event]);$eventId
sql-write-or-schema	app/AssignmentOrderComposition/MariaDbAssignmentOrderApplicationOperation.php	41	$s->execute('INSERT INTO '.$s->table('fm2_assignment_order_applications').' (installation_case_id,object_id,application_sequence,assignment_order_id,order_version,original_revision_id,original_revision_number,document_date,composition_ident
sql-read	app/AssignmentOrderComposition/MariaDbAssignmentOrderApplicationOperation.php	48	{$s=$this->sql;$suffix=$lock?' FOR UPDATE':'';$local=(string)$s->rows('SELECT COUNT(*) n FROM information_schema.TABLES WHERE TABLE_SCHEMA=DATABASE() AND TABLE_NAME=?',[$s->prefix.'fm2_pilot_users'])[0]['n']==='1';if($local)$q='SELECT u.use
sql-read	app/AssignmentOrderComposition/MariaDbAssignmentOrderApplicationOperation.php	49	private function eligibility(array$ids):array{$s=$this->sql;$out=[];foreach($ids as$id){$r=$s->rows('SELECT * FROM '.$s->table('fm2_workforce_catalog').' WHERE installer_tab_id=?',[$id])[0]??null;if(!$r)throw new \RuntimeException();$full=n
sql-write-or-schema	app/AssignmentOrderComposition/MariaDbAssignmentOrderApplicationOperation.php	51	private function audit(ApplyAssignmentOrderOriginalCommand$c,string$at,string$status,?string$reason,?int$id):void{$this->sql->execute('INSERT INTO '.$this->sql->table('fm2_assignment_application_attempts').' (request_id,actor_user_id,object
sql-read	app/AssignmentOrderComposition/MariaDbAssignmentOrderApplicationReader.php	23	$case=$s->rows('SELECT id FROM '.$s->table('fm2_installation_cases').' WHERE legacy_installation_object_id=? FOR UPDATE',[$objectId]);
sql-read	app/AssignmentOrderComposition/MariaDbAssignmentOrderApplicationReader.php	25	$rows=$s->rows('SELECT application_id FROM '.$s->table('fm2_assignment_order_applications').' WHERE installation_case_id=? ORDER BY application_sequence DESC LIMIT 1 FOR UPDATE',[(int)$case[0]['id']]);
sql-read	app/AssignmentOrderComposition/MariaDbAssignmentOrderApplicationReader.php	34	$cases=$s->rows('SELECT id FROM '.$s->table('fm2_installation_cases').' WHERE legacy_installation_object_id=?',[$object]);
sql-read	app/AssignmentOrderComposition/MariaDbAssignmentOrderApplicationReader.php	38	$rows=$s->rows('SELECT * FROM '.$s->table('fm2_assignment_order_applications').' WHERE installation_case_id=?'.$cmp.' ORDER BY application_sequence '.$order.' LIMIT '.$take,$args);
sql-read	app/AssignmentOrderComposition/MariaDbAssignmentOrderApplicationSql.php	26	public function idle(): bool { return (string)($this->rows('SELECT @@in_transaction n')[0]['n']??'1')==='0'; }
sql-read	app/AssignmentOrderComposition/MariaDbAssignmentOrderCurrentEligibility.php	11	if($local)$engineer=$s->rows('SELECT u.user_id FROM '.$s->table('fm2_pilot_users').' u JOIN '.$s->table('fm2_pilot_user_roles').' ur ON ur.user_id=u.user_id JOIN '.$s->table('fm2_pilot_roles')." r ON r.role_id=ur.role_id WHERE u.user_id=? A
sql-read	app/AssignmentOrderComposition/MariaDbAssignmentOrderCurrentEligibility.php	12	else $engineer=$s->rows('SELECT u.id FROM '.$s->table('users').' u JOIN '.$s->table('users_roles').' r ON r.id=u.role_id JOIN '.$s->table('fm2_process_user_capabilities')." c ON c.user_id=u.id AND BINARY c.capability='construction_control_e
sql-read	app/AssignmentOrderComposition/MariaDbAssignmentOrderCurrentEligibility.php	15	$marks=implode(',',array_fill(0,count($ids),'?'));$rows=$s->rows('SELECT * FROM '.$s->table('fm2_workforce_catalog').' WHERE installer_tab_id IN ('.$marks.') ORDER BY installer_tab_id FOR UPDATE',$ids);
sql-read	app/AssignmentOrderComposition/MariaDbAssignmentOrderCurrentEligibility.php	21	private static function exists(MariaDbAssignmentOrderApplicationSql$s,string$t):bool{return(string)$s->rows('SELECT COUNT(*) n FROM information_schema.TABLES WHERE TABLE_SCHEMA=DATABASE() AND TABLE_NAME=?',[$t])[0]['n']==='1';}
sql-read	app/AssignmentOrderComposition/MariaDbAssignmentOrderCurrentEligibility.php	23	{foreach(['authority_system','delivery_system','delivery_person_id','last_successful_sync_run_id','last_successful_sync_at']as$k)if(!array_key_exists($k,$r)||$r[$k]===null)return false;if($r['authority_system']!=='1c_zup'||$r['delivery_syst
sql-read	app/AssignmentOrderComposition/MariaDbConfirmedOriginalOpening.php	27	$cases=$s->rows('SELECT * FROM '.$s->table('fm2_installation_cases').' WHERE legacy_installation_object_id=? FOR UPDATE',[$c->objectId]);
sql-read	app/AssignmentOrderComposition/MariaDbConfirmedOriginalOpening.php	31	$events=$s->rows('SELECT payload_json FROM '.$s->table('fm2_process_events')." WHERE installation_case_id=? AND event_type='installation_opened_from_original' ORDER BY id DESC LIMIT 1",[$caseId]);
sql-read	app/AssignmentOrderComposition/MariaDbConfirmedOriginalOpening.php	39	$selection=$s->rows('SELECT assignment_order_id FROM '.$s->table('fm2_assignment_order_selections').' WHERE installation_case_id=? ORDER BY selection_revision DESC LIMIT 1 FOR UPDATE',[$caseId]);
sql-read	app/AssignmentOrderComposition/MariaDbConfirmedOriginalOpening.php	41	$rows=$s->rows('SELECT * FROM '.$s->table('fm2_assignment_order_applications').' WHERE installation_case_id=? ORDER BY application_sequence DESC LIMIT 1 FOR UPDATE',[$caseId]);
sql-read	app/AssignmentOrderComposition/MariaDbOpeningTemplate.php	12	$old = $s->rows('SELECT * FROM '.$s->table('fm2_checklist_template_associations')." WHERE subject_kind='operational_case' AND subject_id=? FOR UPDATE", [(string)$case]);
sql-read	app/AssignmentOrderComposition/MariaDbOpeningTemplate.php	14	$rows = $s->rows('SELECT id,snapshot_version,content_sha256,payload_json FROM '.$s->table('fm2_checklist_template_snapshots')." WHERE validity_scope='active_baseline_and_future_native_only' AND valid_from<=? ORDER BY valid_from DESC,id DESC
sql-read	app/AssignmentOrderComposition/MariaDbOriginalOpening.php	48	$case=$s->rows('SELECT * FROM '.$s->table('fm2_installation_cases').' WHERE legacy_installation_object_id=? FOR UPDATE',[$object]);
sql-read	app/AssignmentOrderComposition/MariaDbOriginalOpening.php	54	if($s->rows('SELECT fact_type FROM '.$s->table('fm2_pilot_completion_facts').' WHERE installation_case_id=?',[$id])!==[])throw new \RuntimeException('completion_document_exists');
sql-read	app/AssignmentOrderComposition/MariaDbOriginalOpening.php	55	$legacy=$s->rows('SELECT workdatefinish,ptoactdate FROM '.$s->table('fm_maintable').' WHERE id=?',[$object]);foreach(['workdatefinish','ptoactdate']as$key)if(!empty($legacy[0][$key])&&!\str_starts_with($legacy[0][$key],'0000-00-00'))throw n
sql-write-or-schema	app/AssignmentOrderComposition/MariaDbOriginalOpening.php	57	$template=(new MariaDbOpeningTemplate($s))->bind($id,$date,$instant->utcRfc3339Seconds);$statement=$this->db->prepare('UPDATE '.$s->table('fm2_installation_cases')." SET process_state='working',actual_start_date=?,opened_at=?,opened_by_user
sql-read	app/AssignmentOrderComposition/MariaDbOriginalOpening.php	63	return $s->rows('SELECT u.user_id FROM '.$s->table('fm2_pilot_users').' u JOIN '.$s->table('fm2_pilot_user_roles').' ur ON ur.user_id=u.user_id JOIN '.$s->table('fm2_pilot_roles').' r ON r.role_id=ur.role_id JOIN '.$s->table('fm2_pilot_role
sql-read	app/AssignmentOrderComposition/MariaDbSelectionFacts.php	21	$rows=$s->rows('SELECT u.user_id FROM '.$s->table('fm2_pilot_users').' u JOIN '.$s->table('fm2_pilot_user_roles').' ur ON ur.user_id=u.user_id JOIN '.$s->table('fm2_pilot_roles').' r ON r.role_id=ur.role_id JOIN '.$s->table('fm2_pilot_role_
sql-read	app/AssignmentOrderComposition/MariaDbSelectionFacts.php	23	$rows=$s->rows('SELECT u.id FROM '.$s->table('users').' u JOIN '.$s->table('users_roles').' r ON r.id=u.role_id JOIN '.$s->table('fm2_process_user_capabilities').' c ON c.user_id=u.id WHERE u.id=? AND u.status=1 AND r.status=1 AND BINARY c.
sql-read	app/AssignmentOrderComposition/MariaDbSelectionFacts.php	34	$s=$this->sql;$cases=$s->rows('SELECT id,legacy_installation_object_id FROM '.$s->table('fm2_installation_cases').' WHERE legacy_installation_object_id=?',[$object]);
sql-read	app/AssignmentOrderComposition/MariaDbSelectionFacts.php	37	$objects=$s->rows('SELECT workdatefinish,ptoactdate FROM '.$s->table('fm_maintable').' WHERE id=?',[$object]);if(count($objects)!==1)throw new \RuntimeException();
sql-read	app/AssignmentOrderComposition/MariaDbSelectionFacts.php	39	foreach($s->rows('SELECT fact_type,fact_date FROM '.$s->table('fm2_pilot_completion_facts').' WHERE installation_case_id=?',[$id]) as $row) {
sql-read	app/AssignmentOrderComposition/MariaDbSelectionFacts.php	54	foreach($ids->ascendingUniqueIds as $id){$rows=$s->rows('SELECT * FROM '.$s->table('fm2_workforce_catalog').' WHERE installer_tab_id=?',[$id->value]);if($rows===[]){$missing[]=$id->value;continue;}if(count($rows)!==1)throw new \RuntimeExcep
sql-read	app/AssignmentOrderComposition/MariaDbSelectionFacts.php	62	$runs=$s->rows('SELECT * FROM '.$s->table('fm2_workforce_sync_runs').' WHERE run_id=?',[$r['last_successful_sync_run_id']]);$meta=$s->rows('SELECT * FROM '.$s->table('fm2_workforce_sync_metadata').' WHERE singleton_id=1');if(count($runs)!==
sql-read	app/AssignmentOrderComposition/MariaDbSelectionFreshReaders.php	11	$rows=$sql->rows('SELECT DATABASE() database_name,CURRENT_USER() database_user,@@character_set_connection charset');
sql-read	app/AssignmentOrderComposition/MariaDbSelectionPortalQuery.php	40	$ids=$s->rows('SELECT DISTINCT u.user_id FROM '.$s->table('fm2_pilot_users').' u JOIN '.$s->table('fm2_pilot_user_roles').' ur ON ur.user_id=u.user_id JOIN '.$s->table('fm2_pilot_roles')." r ON r.role_id=ur.role_id WHERE u.status=1 AND BINA
sql-read	app/AssignmentOrderComposition/MariaDbSelectionPortalQuery.php	57	$rows=$this->sql->rows("SELECT w.* FROM $catalog w WHERE w.employment_status='employed' AND w.reconciliation_state='delivered' AND (LOCATE(LOWER(?),LOWER(w.fio))>0 OR LOCATE(?,CAST(w.installer_tab_id AS CHAR))>0) AND (w.employed_from IS NOT
sql-read	app/AssignmentOrderComposition/MariaDbSelectionPortalQuery.php	63	{if(!isset($r['last_successful_sync_run_id'],$r['last_successful_sync_at']))return null;$runs=$s->rows('SELECT * FROM '.$s->table('fm2_workforce_sync_runs').' WHERE run_id=?',[$r['last_successful_sync_run_id']]);$meta=$s->rows('SELECT * FRO
sql-read	app/AssignmentOrderComposition/MariaDbSelectionRequests.php	16	$rows=$this->sql->rows('SELECT * FROM '.$this->sql->table('fm2_assignment_order_selection_requests').' WHERE request_id=?',[$id->value]);
sql-read	app/AssignmentOrderComposition/MariaDbSelectionRequests.php	25	$h=$this->sql->rows('SELECT * FROM '.$this->sql->table('fm2_assignment_order_selections').' WHERE assignment_order_id=?',[$r['assignment_order_id']]);
sql-read	app/AssignmentOrderComposition/MariaDbSelectionSession.php	19	$r=$this->sql->rows('SELECT COALESCE(MAX(order_version),0) version FROM '.$this->sql->table('fm2_assignment_order_identities').' WHERE installation_case_id=?',[$this->caseId]);
sql-read	app/AssignmentOrderComposition/MariaDbSelectionSession.php	21	$frontier=$this->sql->rows('SELECT AUTO_INCREMENT n FROM information_schema.TABLES WHERE TABLE_SCHEMA=DATABASE() AND TABLE_NAME=?',[$this->sql->prefix.'fm2_assignment_order_identities']);
sql-write-or-schema	app/AssignmentOrderComposition/MariaDbSelectionSql.php	22	$s=$this->db->prepare('INSERT INTO '.$this->table($table).' ('.$columns.') VALUES ('.implode(',',array_fill(0,count($row),'?')).')');
sql-read	app/AssignmentOrderComposition/MariaDbSelectionSql.php	26	public function idle(): bool { return (string)$this->rows('SELECT @@in_transaction active')[0]['active']==='0'; }
sql-read	app/AssignmentOrderComposition/MariaDbSelectionSql.php	58	public function generatedId(): int { return self::number($this->rows('SELECT LAST_INSERT_ID() id')[0]['id']); }
sql-read	app/AssignmentOrderComposition/MariaDbSelectionState.php	13	$registry=$s->rows('SELECT * FROM '.$s->table('fm2_assignment_order_identities').' WHERE installation_case_id=? ORDER BY order_version',[$case]);
sql-read	app/AssignmentOrderComposition/MariaDbSelectionState.php	15	$headers=$s->rows('SELECT * FROM '.$s->table('fm2_assignment_order_selections').' WHERE installation_case_id=? ORDER BY selection_revision',[$case]);
sql-read	app/AssignmentOrderComposition/MariaDbSelectionState.php	16	$members=$s->rows('SELECT m.* FROM '.$s->table('fm2_assignment_order_selection_members').' m JOIN '.$s->table('fm2_assignment_order_selections').' h ON h.assignment_order_id=m.assignment_order_id WHERE h.installation_case_id=? ORDER BY m.as
sql-read	app/AssignmentOrderComposition/MariaDbSelectionState.php	22	$roots=$s->rows('SELECT * FROM '.$s->table('fm2_assignment_order_original_roots').' WHERE assignment_order_id=?',[$h['assignment_order_id']]);
sql-read	app/AssignmentOrderComposition/MariaDbSelectionState.php	25	$leaf=$s->rows('SELECT root_original_id FROM '.$s->table('fm2_assignment_order_original_revisions').' WHERE revision_id=?',[$r['current_revision_id']]);if(count($leaf)!==1||$leaf[0]['root_original_id']!==$r['root_original_id'])throw new \Ru
sql-read	app/AssignmentOrderComposition/MariaDbSelectionUnitOfWork.php	14	$rows=$this->sql->rows('SELECT legacy_installation_object_id FROM '.$this->sql->table('fm2_installation_cases').' WHERE id=? FOR UPDATE',[$caseId]);
sql-read	app/AssignmentOrderComposition/MariaDbTemplateApplication.php	18	$cases=$this->sql->rows('SELECT id FROM '.$this->sql->table('fm2_installation_cases').' WHERE id=? FOR UPDATE',[$caseId]);
sql-read	app/AssignmentOrderComposition/MariaDbTemplateApplication.php	22	$latest=$this->sql->rows('SELECT assignment_order_id FROM '.$this->sql->table('fm2_assignment_order_selections').' WHERE installation_case_id=? ORDER BY selection_revision DESC LIMIT 1',[$caseId]);
sql-read	app/AssignmentOrderComposition/MariaDbTemplateDateReader.php	14	$rows=$this->sql->rows('SELECT * FROM '.$this->sql->table('fm2_process_events').' WHERE installation_case_id=? AND BINARY event_type=? ORDER BY id DESC',[$caseId,'assignment_order_template_generated']);
include	app/AssignmentOrderComposition/MariaDbTemplateSource.php	6	require_once dirname(__DIR__).'/AssignmentOrderOriginal/AssignmentOrderOriginalRuntime.php';
sql-read	app/AssignmentOrderComposition/MariaDbTemplateSource.php	14	$s=$this->sql;$config=$s->rows('SELECT DATABASE() name,@@character_set_connection charset');
sql-read	app/AssignmentOrderComposition/MariaDbTemplateSource.php	16	$cases=$s->rows('SELECT id,legacy_installation_object_id FROM '.$s->table('fm2_installation_cases').' WHERE id=?',[$case]);if($cases===[])return null;if(count($cases)!==1)throw new \RuntimeException();
sql-read	app/AssignmentOrderComposition/MariaDbTemplateSource.php	17	$r=$s->rows('SELECT * FROM '.$s->table('fm2_assignment_order_identities').' WHERE assignment_order_id=?',[$order]);
sql-read	app/AssignmentOrderComposition/MariaDbTemplateSource.php	19	foreach(['fm2_assignment_order_selections'=>'assignment_order_id','fm2_assignment_orders'=>'id'] as $table=>$key)if($s->rows('SELECT '.$key.' FROM '.$s->table($table).' WHERE '.$key.'=?',[$order])!==[])throw new \RuntimeException();
sql-read	app/AssignmentOrderComposition/MariaDbTemplateSource.php	25	$h=$s->rows('SELECT * FROM '.$s->table('fm2_assignment_order_selections').' WHERE assignment_order_id=?',[$order]);
sql-read	app/AssignmentOrderComposition/MariaDbTemplateSource.php	26	if(count($h)!==1||$s->rows('SELECT id FROM '.$s->table('fm2_assignment_orders').' WHERE id=?',[$order])!==[])throw new \RuntimeException();$header=$h[0];
sql-read	app/AssignmentOrderComposition/MariaDbTemplateSource.php	28	$members=$s->rows('SELECT * FROM '.$s->table('fm2_assignment_order_selection_members').' WHERE assignment_order_id=? ORDER BY installer_tab_id',[$order]);
include	app/AssignmentOrderOriginal/AssignmentOrderOriginalApplicationReferenceFactory.php	4	require_once __DIR__.'/AssignmentOrderOriginalRuntime.php';
include	app/AssignmentOrderOriginal/AssignmentOrderOriginalAttemptFinisher.php	7	require_once __DIR__.'/AssignmentOrderOriginalAttemptDiagnostics.php';
include	app/AssignmentOrderOriginal/AssignmentOrderOriginalAttemptFinisher.php	8	require_once __DIR__.'/AssignmentOrderOriginalAuditFinisher.php';
include	app/AssignmentOrderOriginal/AssignmentOrderOriginalCandidate.php	7	require_once __DIR__.'/AssignmentOrderOriginalLineageSnapshot.php';
include	app/AssignmentOrderOriginal/AssignmentOrderOriginalCommitValues.php	7	require_once __DIR__.'/AssignmentOrderOriginalDataScalar.php';
include	app/AssignmentOrderOriginal/AssignmentOrderOriginalDependencies.php	7	require_once __DIR__.'/AssignmentOrderOriginalAttemptAuditContracts.php';
include	app/AssignmentOrderOriginal/AssignmentOrderOriginalEvidenceReaderFactory.php	1	<?php declare(strict_types=1);require_once __DIR__.'/AssignmentOrderOriginalRuntime.php';
include	app/AssignmentOrderOriginal/AssignmentOrderOriginalFileOrphanFixture.php	5	require_once __DIR__.'/AssignmentOrderOriginalOrphanFixtureAuthority.php';
include	app/AssignmentOrderOriginal/AssignmentOrderOriginalFileOrphans.php	5	require_once __DIR__.'/AssignmentOrderOriginalFileDigestLock.php';
include	app/AssignmentOrderOriginal/AssignmentOrderOriginalFileSafeLog.php	4	require_once __DIR__.'/AssignmentOrderOriginalOpenedSafeLog.php';
include	app/AssignmentOrderOriginal/AssignmentOrderOriginalFileStorage.php	16	require_once __DIR__.'/AssignmentOrderOriginalFileStage.php';
include	app/AssignmentOrderOriginal/AssignmentOrderOriginalFileStorage.php	17	require_once __DIR__.'/AssignmentOrderOriginalFileOrphans.php';
include	app/AssignmentOrderOriginal/AssignmentOrderOriginalFileStorage.php	40	require_once __DIR__.'/AssignmentOrderOriginalFileOrphanFixture.php';
include	app/AssignmentOrderOriginal/AssignmentOrderOriginalFileStorage.php	53	require_once __DIR__.'/ProductionAssignmentOrderOriginalFactory.php';
include	app/AssignmentOrderOriginal/AssignmentOrderOriginalHistoryReaderFactory.php	4	require_once __DIR__.'/AssignmentOrderOriginalRuntime.php';
include	app/AssignmentOrderOriginal/AssignmentOrderOriginalMaintenanceOwner.php	5	require_once __DIR__.'/AssignmentOrderOriginalMaintenanceValues.php';
include	app/AssignmentOrderOriginal/AssignmentOrderOriginalMaintenanceOwner.php	6	require_once __DIR__.'/AssignmentOrderOriginalMaintenanceItems.php';
include	app/AssignmentOrderOriginal/AssignmentOrderOriginalOpenedSafeLog.php	4	require_once __DIR__.'/AssignmentOrderOriginalRuntime.php';
include	app/AssignmentOrderOriginal/AssignmentOrderOriginalOpenedSafeLog.php	5	require_once __DIR__.'/AssignmentOrderOriginalSafeLogPath.php';
include	app/AssignmentOrderOriginal/AssignmentOrderOriginalPortValues.php	7	require_once __DIR__.'/AssignmentOrderOriginalDataScalar.php';
include	app/AssignmentOrderOriginal/AssignmentOrderOriginalPrivateOrphanFixtureFactory.php	1	<?php declare(strict_types=1);require_once __DIR__.'/AssignmentOrderOriginalRuntime.php';
include	app/AssignmentOrderOriginal/AssignmentOrderOriginalRealMaintenanceVerificationFactory.php	1	<?php declare(strict_types=1);require_once __DIR__.'/AssignmentOrderOriginalRuntime.php';require_once __DIR__.'/MariaDbMaintenanceService.php';
include	app/AssignmentOrderOriginal/AssignmentOrderOriginalResultSnapshot.php	7	require_once __DIR__.'/AssignmentOrderOriginalDataScalar.php';
include	app/AssignmentOrderOriginal/AssignmentOrderOriginalRuntime.php	57	require_once __DIR__.'/AssignmentOrderOriginalCommandShape.php';
include	app/AssignmentOrderOriginal/AssignmentOrderOriginalRuntime.php	58	require_once __DIR__.'/AssignmentOrderOriginalPortValues.php';
include	app/AssignmentOrderOriginal/AssignmentOrderOriginalRuntime.php	59	require_once __DIR__.'/AssignmentOrderOriginalBestEffortSafeLog.php';
include	app/AssignmentOrderOriginal/AssignmentOrderOriginalRuntime.php	60	require_once __DIR__.'/AssignmentOrderOriginalDataContracts.php';
include	app/AssignmentOrderOriginal/AssignmentOrderOriginalRuntime.php	61	require_once __DIR__.'/AssignmentOrderOriginalDependencies.php';
include	app/AssignmentOrderOriginal/AssignmentOrderOriginalRuntime.php	63	require_once __DIR__.'/AssignmentOrderOriginalService.php';
include	app/AssignmentOrderOriginal/AssignmentOrderOriginalRuntime.php	74	require_once __DIR__.'/AssignmentOrderOriginalMaintenanceContracts.php';
include	app/AssignmentOrderOriginal/AssignmentOrderOriginalRuntime.php	87	require_once __DIR__.'/AssignmentOrderOriginalFileSafeLog.php';
include	app/AssignmentOrderOriginal/AssignmentOrderOriginalRuntime.php	90	require_once __DIR__.'/AssignmentOrderOriginalWorkerBoundary.php';
include	app/AssignmentOrderOriginal/AssignmentOrderOriginalRuntime.php	91	require_once __DIR__.'/AssignmentOrderOriginalWorkerResultEncoder.php';
include	app/AssignmentOrderOriginal/AssignmentOrderOriginalRuntime.php	102	require_once __DIR__.'/AssignmentOrderOriginalWorkerPorts.php';
include	app/AssignmentOrderOriginal/AssignmentOrderOriginalRuntime.php	124	require_once __DIR__.'/AssignmentOrderOriginalFileStorage.php';
include	app/AssignmentOrderOriginal/AssignmentOrderOriginalRuntime.php	125	require_once __DIR__.'/MariaDbAssignmentOrderOriginalEvidence.php';
include	app/AssignmentOrderOriginal/AssignmentOrderOriginalRuntime.php	126	require_once __DIR__.'/MariaDbMaintenanceService.php';
include	app/AssignmentOrderOriginal/AssignmentOrderOriginalRuntime.php	127	require_once __DIR__.'/MariaDbOriginalFreshTerminalReaderFactory.php';
include	app/AssignmentOrderOriginal/AssignmentOrderOriginalRuntime.php	128	require_once __DIR__.'/AssignmentOrderOriginalWorkerRecoveryObserver.php';
include	app/AssignmentOrderOriginal/AssignmentOrderOriginalRuntime.php	130	require_once __DIR__.'/MariaDbOriginalAttemptAuditWriter.php';
include	app/AssignmentOrderOriginal/AssignmentOrderOriginalRuntime.php	132	require_once __DIR__.'/AssignmentOrderOriginalMaintenanceOwner.php';
include	app/AssignmentOrderOriginal/AssignmentOrderOriginalRuntime.php	133	require_once __DIR__.'/ProductionAssignmentOrderOriginalMaintenanceFactory.php';
include	app/AssignmentOrderOriginal/AssignmentOrderOriginalSafeLogPath.php	4	require_once __DIR__.'/AssignmentOrderOriginalSafeLogAttributePolicy.php';
include	app/AssignmentOrderOriginal/AssignmentOrderOriginalSchemaMigration.php	2	require_once dirname(__DIR__).'/InstallationProcess/AssignmentOrderOriginalDefinitionSchemaMigration.php';
include	app/AssignmentOrderOriginal/AssignmentOrderOriginalSchemaMigration.php	3	require_once __DIR__.'/AssignmentOrderOriginalSchemaMigrationVerificationFactory.php';
include	app/AssignmentOrderOriginal/AssignmentOrderOriginalSchemaMigration.php	4	require_once dirname(__DIR__).'/InstallationProcess/AssignmentOrderOriginalSchemaMigrationEngineSchemaMigration.php';
include	app/AssignmentOrderOriginal/AssignmentOrderOriginalSchemaMigration.php	5	require_once dirname(__DIR__).'/InstallationProcess/AssignmentOrderOriginalSchemaMigration.php';
include	app/AssignmentOrderOriginal/AssignmentOrderOriginalSchemaMigrationObserver.php	1	<?php declare(strict_types=1);require_once __DIR__.'/AssignmentOrderOriginalSchemaMigrationVerificationFactory.php';
include	app/AssignmentOrderOriginal/AssignmentOrderOriginalSchemaMigrationPhase.php	1	<?php declare(strict_types=1);require_once __DIR__.'/AssignmentOrderOriginalSchemaMigrationVerificationFactory.php';
include	app/AssignmentOrderOriginal/AssignmentOrderOriginalSchemaMigrationStatus.php	1	<?php declare(strict_types=1);require_once __DIR__.'/AssignmentOrderOriginalSchemaMigration.php';
include	app/AssignmentOrderOriginal/AssignmentOrderOriginalSchemaMigrationUnavailable.php	1	<?php declare(strict_types=1);require_once __DIR__.'/AssignmentOrderOriginalSchemaMigrationVerificationFactory.php';
include	app/AssignmentOrderOriginal/AssignmentOrderOriginalService.php	7	require_once __DIR__.'/AssignmentOrderOriginalRuntime.php';
include	app/AssignmentOrderOriginal/AssignmentOrderOriginalService.php	8	require_once __DIR__.'/AssignmentOrderOriginalSubmissionFailure.php';
include	app/AssignmentOrderOriginal/AssignmentOrderOriginalService.php	9	require_once __DIR__.'/AssignmentOrderOriginalResponseDeliveryLost.php';
include	app/AssignmentOrderOriginal/AssignmentOrderOriginalService.php	10	require_once __DIR__.'/AssignmentOrderOriginalResourceSignals.php';
include	app/AssignmentOrderOriginal/AssignmentOrderOriginalService.php	11	require_once __DIR__.'/AssignmentOrderOriginalLeaseResources.php';
include	app/AssignmentOrderOriginal/AssignmentOrderOriginalService.php	12	require_once __DIR__.'/AssignmentOrderOriginalResourceScope.php';
include	app/AssignmentOrderOriginal/AssignmentOrderOriginalService.php	13	require_once __DIR__.'/AssignmentOrderOriginalPdfAcquisition.php';
include	app/AssignmentOrderOriginal/AssignmentOrderOriginalService.php	14	require_once __DIR__.'/AssignmentOrderOriginalResultSnapshot.php';
include	app/AssignmentOrderOriginal/AssignmentOrderOriginalService.php	15	require_once __DIR__.'/AssignmentOrderOriginalCommitProtocol.php';
include	app/AssignmentOrderOriginal/AssignmentOrderOriginalService.php	16	require_once __DIR__.'/AssignmentOrderOriginalFreshRecovery.php';
include	app/AssignmentOrderOriginal/AssignmentOrderOriginalService.php	17	require_once __DIR__.'/AssignmentOrderOriginalAttemptFinisher.php';
include	app/AssignmentOrderOriginal/AssignmentOrderOriginalService.php	18	require_once __DIR__.'/AssignmentOrderOriginalCompositionValues.php';
include	app/AssignmentOrderOriginal/AssignmentOrderOriginalService.php	19	require_once __DIR__.'/AssignmentOrderOriginalCandidate.php';
include	app/AssignmentOrderOriginal/AssignmentOrderOriginalVerificationDatabaseFixture.php	2	require_once dirname(__DIR__).'/InstallationProcess/MariaDbAssignmentOrderOriginalVerificationFixture.php';
include	app/AssignmentOrderOriginal/AssignmentOrderOriginalVerificationFactory.php	1	<?php declare(strict_types=1);require_once __DIR__.'/AssignmentOrderOriginalRuntime.php';
include	app/AssignmentOrderOriginal/AssignmentOrderOriginalVerificationFixtureConflict.php	1	<?php declare(strict_types=1);require_once __DIR__.'/AssignmentOrderOriginalSchemaMigration.php';
include	app/AssignmentOrderOriginal/AssignmentOrderOriginalVerificationFixtureUnavailable.php	1	<?php declare(strict_types=1);require_once __DIR__.'/AssignmentOrderOriginalSchemaMigration.php';
include	app/AssignmentOrderOriginal/AssignmentOrderOriginalVerificationWorkerBootstrap.php	1	<?php declare(strict_types=1);require_once __DIR__.'/AssignmentOrderOriginalRuntime.php';require_once __DIR__.'/MariaDbRuntimeRepository.php';
include	app/AssignmentOrderOriginal/AssignmentOrderRegisteredCompositionReaderFactory.php	5	require_once __DIR__.'/AssignmentOrderOriginalRuntime.php';
include	app/AssignmentOrderOriginal/AssignmentOrderRegisteredCompositionReaderVerificationFactory.php	5	require_once __DIR__.'/AssignmentOrderOriginalRuntime.php';
include	app/AssignmentOrderOriginal/AssignmentOrderRegisteredCompositionValues.php	14	public static function require(bool $valid): void { if (!$valid) { AssignmentOrderOriginalSql::fail(); } }
include	app/AssignmentOrderOriginal/AssignmentOrderRegisteredCompositionValues.php	17	$id = AssignmentOrderOriginalDataScalar::integer($value, 1, $max); self::require($id !== null); return $id;
include	app/AssignmentOrderOriginal/AssignmentOrderRegisteredCompositionValues.php	21	self::require($value !== '' && preg_match('//u', $value) === 1);
include	app/AssignmentOrderOriginal/AssignmentOrderRegisteredCompositionValues.php	22	self::require(preg_match('/^[\p{Z}\x{0009}-\x{000D}]|[\p{Z}\x{0009}-\x{000D}]$/u', $value) === 0 && preg_match_all('/./us', $value) <= $max);
include	app/AssignmentOrderOriginal/AssignmentOrderRegisteredCompositionValues.php	26	self::require(preg_match('/^\d{4}-\d{2}-\d{2} \d{2}:\d{2}:\d{2}\.\d{6}$/D', $value) === 1
include	app/AssignmentOrderOriginal/AssignmentOrderRegisteredCompositionValues.php	33	self::require(strlen($value) <= 40 && preg_match('/^(\d{4}-\d{2}-\d{2})T(\d{2}:\d{2}:\d{2})(?:\.\d+)?(Z|[+-]\d{2}:\d{2})$/D', $value, $m) === 1);
include	app/AssignmentOrderOriginal/AssignmentOrderRegisteredCompositionValues.php	35	self::require($m[3] !== '-00:00');
include	app/AssignmentOrderOriginal/AssignmentOrderRegisteredCompositionValues.php	38	self::require($hour <= 14 && $minute <= 59 && ($hour < 14 || $minute === 0));
include	app/AssignmentOrderOriginal/AssignmentOrderRegisteredCompositionValues.php	43	self::require($ids !== []); $identity = 'composition-' . $order . '-v' . $version;
include	app/AssignmentOrderOriginal/AssignmentOrderRegisteredLegacyComposition.php	11	AssignmentOrderRegisteredCompositionValues::require(AssignmentOrderOriginalDataScalar::date($date)); $seen = []; $ids = [];
include	app/AssignmentOrderOriginal/AssignmentOrderRegisteredLegacyComposition.php	13	AssignmentOrderRegisteredCompositionValues::require(AssignmentOrderRegisteredCompositionValues::integer($member['assignment_order_id']) === $order);
include	app/AssignmentOrderOriginal/AssignmentOrderRegisteredLegacyComposition.php	16	AssignmentOrderRegisteredCompositionValues::require(!isset($seen[$id]) && in_array($action, ['assign','retain','release'], true)
include	app/AssignmentOrderOriginal/AssignmentOrderRegisteredSelectionComposition.php	13	AssignmentOrderRegisteredCompositionValues::require($header['selected_at_utc'] === $registry['allocated_at_utc'] && substr($header['selected_at_utc'], -6) === '000000');
include	app/AssignmentOrderOriginal/AssignmentOrderRegisteredSelectionComposition.php	15	AssignmentOrderRegisteredCompositionValues::require($header['selection_date'] === $at->setTimezone(new \DateTimeZone('Europe/Moscow'))->format('Y-m-d'));
include	app/AssignmentOrderOriginal/AssignmentOrderRegisteredSelectionComposition.php	17	if ($revision === 1) { AssignmentOrderRegisteredCompositionValues::require($previous === null); }
include	app/AssignmentOrderOriginal/AssignmentOrderRegisteredSelectionComposition.php	19	if ($header['mode'] === 'new_order') { AssignmentOrderRegisteredCompositionValues::require($replaces === null); }
include	app/AssignmentOrderOriginal/AssignmentOrderRegisteredSelectionComposition.php	20	else { AssignmentOrderRegisteredCompositionValues::require($header['mode'] === 'replace_pending' && $revision > 1 && $replaces !== null && $replaces === $previous); }
include	app/AssignmentOrderOriginal/AssignmentOrderRegisteredSelectionComposition.php	22	AssignmentOrderRegisteredCompositionValues::require(count($members) >= 1 && count($members) <= 500); $ids = []; $last = 0;
include	app/AssignmentOrderOriginal/AssignmentOrderRegisteredSelectionComposition.php	24	AssignmentOrderRegisteredCompositionValues::require(AssignmentOrderRegisteredCompositionValues::integer($member['assignment_order_id']) === $order);
include	app/AssignmentOrderOriginal/AssignmentOrderRegisteredSelectionComposition.php	25	$id = AssignmentOrderRegisteredCompositionValues::integer($member['installer_tab_id']); AssignmentOrderRegisteredCompositionValues::require($id > $last); $last = $id;
include	app/AssignmentOrderOriginal/AssignmentOrderRegisteredSelectionComposition.php	30	AssignmentOrderRegisteredCompositionValues::require($member['employment_status_snapshot'] === 'employed'
include	app/AssignmentOrderOriginal/AssignmentOrderRegisteredSelectionComposition.php	36	AssignmentOrderRegisteredCompositionValues::require($header['composition_identity'] === $result->identity && $header['composition_sha256'] === $result->sha256);
include	app/AssignmentOrderOriginal/AssignmentOrderSelectedOriginalBinding.php	16	require_once __DIR__.'/MariaDbRuntimeRepository.php';
include	app/AssignmentOrderOriginal/FMonitorPassivePdfInspector.php	5	require_once __DIR__.'/AssignmentOrderOriginalRuntime.php';
include	app/AssignmentOrderOriginal/FMonitorPassivePdfInspector.php	6	require_once __DIR__.'/FMonitorPdfLexical.php';
include	app/AssignmentOrderOriginal/FMonitorPassivePdfInspector.php	7	require_once __DIR__.'/FMonitorPdfDictionary.php';
include	app/AssignmentOrderOriginal/FMonitorPassivePdfInspector.php	8	require_once __DIR__.'/FMonitorPdfValue.php';
include	app/AssignmentOrderOriginal/FMonitorPassivePdfInspector.php	9	require_once __DIR__.'/FMonitorPdfPhysicalObjects.php';
include	app/AssignmentOrderOriginal/FMonitorPassivePdfInspector.php	10	require_once __DIR__.'/FMonitorPdfStreams.php';
include	app/AssignmentOrderOriginal/FMonitorPassivePdfInspector.php	11	require_once __DIR__.'/FMonitorPdfXref.php';
include	app/AssignmentOrderOriginal/FMonitorPassivePdfInspector.php	12	require_once __DIR__.'/FMonitorPdfGraph.php';
include	app/AssignmentOrderOriginal/FMonitorPdfLexical.php	5	require_once __DIR__.'/FMonitorPdfNavigation.php';
include	app/AssignmentOrderOriginal/MariaDbAssignmentOrderOriginalEvidence.php	4	require_once __DIR__.'/AssignmentOrderOriginalPhysicalNames.php';
include	app/AssignmentOrderOriginal/MariaDbAssignmentOrderOriginalEvidence.php	6	require_once __DIR__.'/AssignmentOrderOriginalEvidenceContracts.php';
include	app/AssignmentOrderOriginal/MariaDbAssignmentOrderOriginalEvidence.php	7	require_once __DIR__.'/AssignmentOrderOriginalEvidenceConfiguration.php';
sql-read	app/AssignmentOrderOriginal/MariaDbAssignmentOrderOriginalEvidence.php	29	private function projectdomainCanonicalJson(int$case,int$order):string{$p=$this->c->tablePrefix;$roots=[];foreach($this->rows("SELECT * FROM `{$p}fm2_assignment_order_original_roots` WHERE installation_case_id={$case} AND assignment_order_i
sql-read	app/AssignmentOrderOriginal/MariaDbAssignmentOrderOriginalEvidence.php	30	private function projectrequestsCanonicalJson():string{$p=$this->c->tablePrefix;$items=[];foreach($this->rows("SELECT * FROM `{$p}fm2_assignment_order_original_requests` ORDER BY BINARY request_id")as$r)$items[]=['byteSize'=>$r['byte_size']
sql-read	app/AssignmentOrderOriginal/MariaDbAssignmentOrderOriginalEvidence.php	31	private function projectfingerprintsCanonicalJson():string{$p=$this->c->tablePrefix;$items=[];foreach($this->rows("SELECT operation_fingerprint,request_id,root_original_id,revision_id FROM `{$p}fm2_assignment_order_original_revisions` ORDER
sql-read	app/AssignmentOrderOriginal/MariaDbAssignmentOrderOriginalEvidence.php	32	private function projecteventsCanonicalJson():string{$p=$this->c->tablePrefix;$items=[];foreach($this->rows("SELECT * FROM `{$p}fm2_assignment_order_original_events` ORDER BY event_id")as$r)$items[]=['actorUserId'=>(int)$r['actor_user_id'],
sql-read	app/AssignmentOrderOriginal/MariaDbAssignmentOrderOriginalEvidence.php	33	private function projectsafeAuditsCanonicalJson():string{$p=$this->c->tablePrefix;$items=[];foreach($this->rows("SELECT * FROM `{$p}fm2_assignment_order_original_audits` ORDER BY audit_id")as$r)$items[]=['actorIdentity'=>$r['actor_identity'
sql-read	app/AssignmentOrderOriginal/MariaDbAssignmentOrderOriginalEvidence.php	36	private function maintenance(bool$audit):string{$p=$this->c->tablePrefix;$t=AssignmentOrderOriginalPhysicalNames::table($p,'fm2_assignment_order_original_maintenance_'.($audit?'audits':'requests'));$items=[];foreach($this->rows("SELECT * FR
sql-read	app/AssignmentOrderOriginal/MariaDbAssignmentOrderOriginalEvidence.php	39	private function projectsafeLogsCanonicalJson():string{$items=[];foreach($this->logLines()as$line)if($line!=='')$items[]=json_decode($line,true,512,JSON_THROW_ON_ERROR);$p=$this->c->tablePrefix;$used=is_file($this->c->privateStorageRoot.'/.
sql-read	app/AssignmentOrderOriginal/MariaDbAssignmentOrderOriginalEvidence.php	40	private function projectunchangedProcessCanonicalJson(int$case,int$order):string{$p=$this->c->tablePrefix;$o=$this->rows("SELECT id,installation_case_id,version_no,control_engineer_user_id FROM `{$p}fm2_assignment_orders` WHERE id={$order} 
sql-read	app/AssignmentOrderOriginal/MariaDbAssignmentOrderOriginalEvidence.php	59	final class AssignmentOrderOriginalMariaDbAuthorizer implements AssignmentOrderOriginalAuthorizer{public function __construct(private \mysqli$db,private string$p){}public function authorize(int$actor,string$cap):AssignmentOrderOriginalAutho
include	app/AssignmentOrderOriginal/MariaDbAssignmentOrderOriginalEvidence.php	60	require_once __DIR__.'/MariaDbOriginalCompositionReader.php';
include	app/AssignmentOrderOriginal/MariaDbMaintenanceService.php	4	require_once __DIR__.'/AssignmentOrderOriginalPhysicalNames.php';
sql-read	app/AssignmentOrderOriginal/MariaDbMaintenanceService.php	14	$id=$this->db->real_escape_string($c->requestId);$existing=$this->db->query("SELECT * FROM `{$requests}` WHERE request_id='{$id}'")->fetch_assoc();if($existing)return new AssignmentOrderOriginalMaintenanceResultValue(AssignmentOrderOriginal
sql-read	app/AssignmentOrderOriginal/MariaDbMaintenanceService.php	17	foreach($items as$x){$lock=fopen($this->config->privateStorageRoot.'/.lock-'.hash('sha256',$x['id']),'c+');try{try{$this->faults->before(AssignmentOrderOriginalFaultPoint::DIGEST_LOCK);}catch(\Throwable){$retained++;$locked++;fclose($lock);
sql-write-or-schema	app/AssignmentOrderOriginal/MariaDbMaintenanceService.php	20	private function persist($c,$status,$reason,$retry,$scan,$deleted,$retained,$failed,$cursor):AssignmentOrderOriginalMaintenanceResultValue{$p=$this->config->tablePrefix;$requests=AssignmentOrderOriginalPhysicalNames::table($p,'fm2_assignmen
sql-read	app/AssignmentOrderOriginal/MariaDbOriginalApplicationReferenceReader.php	46	$cases = $s->rows('SELECT id FROM '.$s->table('fm2_installation_cases').' WHERE id='.$metadata['caseId']
sql-read	app/AssignmentOrderOriginal/MariaDbOriginalApplicationReferenceReader.php	64	$rows = $this->sql->rows('SELECT DATABASE() selected_database');
sql-read	app/AssignmentOrderOriginal/MariaDbOriginalApplicationReferenceSource.php	26	$roots = $s->rows('SELECT * FROM '.$s->table('fm2_assignment_order_original_roots')
sql-read	app/AssignmentOrderOriginal/MariaDbOriginalApplicationReferenceSource.php	28	$revisions = $s->rows('SELECT * FROM '.$s->table('fm2_assignment_order_original_revisions')
sql-read	app/AssignmentOrderOriginal/MariaDbOriginalApplicationReferenceSource.php	30	$registry = $s->rows('SELECT * FROM '.$s->table('fm2_assignment_order_identities').' WHERE assignment_order_id='.$order.$suffix);
sql-read	app/AssignmentOrderOriginal/MariaDbOriginalApplicationReferenceSource.php	31	$headers = $s->rows('SELECT * FROM '.$s->table('fm2_assignment_order_selections').' WHERE assignment_order_id='.$order.$suffix);
sql-read	app/AssignmentOrderOriginal/MariaDbOriginalApplicationReferenceSource.php	32	$members = $s->rows('SELECT * FROM '.$s->table('fm2_assignment_order_selection_members')
include	app/AssignmentOrderOriginal/MariaDbOriginalAttemptAuditRows.php	5	require_once __DIR__.'/AssignmentOrderOriginalDataScalar.php';
include	app/AssignmentOrderOriginal/MariaDbOriginalAttemptAuditWriter.php	5	require_once __DIR__.'/AssignmentOrderOriginalAttemptAuditContracts.php';
include	app/AssignmentOrderOriginal/MariaDbOriginalAttemptAuditWriter.php	6	require_once __DIR__.'/AssignmentOrderOriginalDataScalar.php';
include	app/AssignmentOrderOriginal/MariaDbOriginalAttemptAuditWriter.php	7	require_once __DIR__.'/MariaDbOriginalSql.php';
include	app/AssignmentOrderOriginal/MariaDbOriginalAttemptAuditWriter.php	8	require_once __DIR__.'/MariaDbOriginalSqlFacts.php';
sql-write-or-schema	app/AssignmentOrderOriginal/MariaDbOriginalAttemptAuditWriter.php	38	$sql->execute('INSERT INTO '.$sql->table('fm2_assignment_order_original_audits')
sql-read	app/AssignmentOrderOriginal/MariaDbOriginalAttemptAuditWriter.php	58	$rows=$sql->rows('SELECT request_id FROM '.$sql->table('fm2_assignment_order_original_requests').' WHERE request_id='.$sql->quote($a->requestId).' FOR UPDATE');
include	app/AssignmentOrderOriginal/MariaDbOriginalCompositionReader.php	7	require_once __DIR__.'/MariaDbOriginalSql.php';
include	app/AssignmentOrderOriginal/MariaDbOriginalCompositionReader.php	8	require_once __DIR__.'/MariaDbOriginalSqlComposition.php';
include	app/AssignmentOrderOriginal/MariaDbOriginalFreshTerminalReader.php	7	require_once __DIR__.'/MariaDbOriginalStoredReader.php';
sql-read	app/AssignmentOrderOriginal/MariaDbOriginalFreshTerminalReader.php	30	$query = 'SELECT * FROM '.$sql->table('fm2_assignment_order_original_requests').' WHERE request_id='.$sql->quote($requestId);
include	app/AssignmentOrderOriginal/MariaDbOriginalFreshTerminalReaderFactory.php	7	require_once __DIR__.'/MariaDbOriginalSql.php';
include	app/AssignmentOrderOriginal/MariaDbOriginalFreshTerminalReaderFactory.php	8	require_once __DIR__.'/AssignmentOrderOriginalCommitValues.php';
include	app/AssignmentOrderOriginal/MariaDbOriginalFreshTerminalReaderFactory.php	9	require_once __DIR__.'/AssignmentOrderOriginalFreshConnection.php';
include	app/AssignmentOrderOriginal/MariaDbOriginalFreshTerminalReaderFactory.php	10	require_once __DIR__.'/MariaDbOriginalFreshTerminalReader.php';
sql-read	app/AssignmentOrderOriginal/MariaDbOriginalHistoryReader.php	42	$database = $this->sql->rows('SELECT DATABASE() selected_database');
sql-read	app/AssignmentOrderOriginal/MariaDbOriginalHistorySource.php	16	$rows = $this->sql->rows('SELECT * FROM '.$this->sql->table('fm2_assignment_order_original_revisions')
sql-read	app/AssignmentOrderOriginal/MariaDbOriginalHistorySource.php	30	$rows = $this->sql->rows('SELECT * FROM '.$this->sql->table('fm2_assignment_order_original_revisions')
include	app/AssignmentOrderOriginal/MariaDbOriginalMaintenanceRepository.php	5	require_once __DIR__.'/MariaDbOriginalSql.php';
include	app/AssignmentOrderOriginal/MariaDbOriginalMaintenanceRepository.php	6	require_once __DIR__.'/AssignmentOrderOriginalPhysicalNames.php';
include	app/AssignmentOrderOriginal/MariaDbOriginalMaintenanceRepository.php	7	require_once __DIR__.'/MariaDbOriginalMaintenanceRows.php';
sql-read	app/AssignmentOrderOriginal/MariaDbOriginalMaintenanceRepository.php	20	$rows = $sql->rows('SELECT * FROM '.$this->table('requests').$where);
sql-read	app/AssignmentOrderOriginal/MariaDbOriginalMaintenanceRepository.php	21	$audits = $sql->rows('SELECT * FROM '.$this->table('audits').$where);
sql-read	app/AssignmentOrderOriginal/MariaDbOriginalMaintenanceRepository.php	44	$rows = $sql->rows('SELECT request_id FROM '.$this->table('requests').' WHERE request_id='.$sql->quote($commit->requestId).' FOR UPDATE');
sql-write-or-schema	app/AssignmentOrderOriginal/MariaDbOriginalMaintenanceRepository.php	66	{ $sql->execute('INSERT INTO '.$this->table($kind).' ('.implode(',',array_keys($values)).') VALUES ('.implode(',',array_map($sql->quote(...),$values)).')'); }
include	app/AssignmentOrderOriginal/MariaDbOriginalRepositoryReads.php	7	require_once __DIR__.'/MariaDbOriginalStoredReader.php';
include	app/AssignmentOrderOriginal/MariaDbOriginalRepositoryWrites.php	7	require_once __DIR__.'/MariaDbOriginalSqlFacts.php';
include	app/AssignmentOrderOriginal/MariaDbOriginalRepositoryWrites.php	8	require_once __DIR__.'/MariaDbOriginalSqlWriteGuard.php';
sql-read	app/AssignmentOrderOriginal/MariaDbOriginalSql.php	37	$rows = $this->rows('SELECT @@in_transaction active');
sql-read	app/AssignmentOrderOriginal/MariaDbOriginalSqlComposition.php	14	$rows = $sql->rows('SELECT id,installation_case_id,version_no,control_engineer_user_id,order_date FROM '
sql-read	app/AssignmentOrderOriginal/MariaDbOriginalSqlComposition.php	26	$members = $sql->rows('SELECT assignment_order_id,installer_tab_id,change_action,valid_from,valid_to FROM '
sql-write-or-schema	app/AssignmentOrderOriginal/MariaDbOriginalSqlFacts.php	20	$this->sql->execute('UPDATE '.$this->sql->table('fm2_assignment_order_original_roots').' SET current_revision_id='
sql-write-or-schema	app/AssignmentOrderOriginal/MariaDbOriginalSqlFacts.php	58	$this->sql->execute('INSERT INTO '.$this->sql->table('fm2_assignment_order_original_'.$suffix).'('.$columns.') VALUES('.$values.')');
sql-read	app/AssignmentOrderOriginal/MariaDbOriginalSqlWriteGuard.php	14	$case = $sql->rows('SELECT id FROM '.$sql->table('fm2_installation_cases').' WHERE id='.$c->installationCaseId.' FOR UPDATE');
sql-read	app/AssignmentOrderOriginal/MariaDbOriginalSqlWriteGuard.php	25	$roots = $sql->rows('SELECT * FROM '.$sql->table('fm2_assignment_order_original_roots')
sql-read	app/AssignmentOrderOriginal/MariaDbOriginalSqlWriteGuard.php	28	$current = $sql->rows('SELECT revision_id FROM '.$sql->table('fm2_assignment_order_original_revisions')
sql-read	app/AssignmentOrderOriginal/MariaDbOriginalStoredLineage.php	13	$roots = $sql->rows('SELECT * FROM '.$sql->table('fm2_assignment_order_original_roots').' WHERE '.$where.$suffix);
sql-read	app/AssignmentOrderOriginal/MariaDbOriginalStoredLineage.php	22	$revisions = $sql->rows('SELECT * FROM '.$sql->table('fm2_assignment_order_original_revisions')
sql-read	app/AssignmentOrderOriginal/MariaDbOriginalStoredLineage.php	29	$requests = $sql->rows('SELECT * FROM '.$sql->table('fm2_assignment_order_original_requests').' WHERE request_id='.$sql->quote($commit->requestId).$suffix);
include	app/AssignmentOrderOriginal/MariaDbOriginalStoredReader.php	7	require_once __DIR__.'/MariaDbOriginalStoredRows.php';
include	app/AssignmentOrderOriginal/MariaDbOriginalStoredReader.php	8	require_once __DIR__.'/MariaDbOriginalStoredLineage.php';
sql-read	app/AssignmentOrderOriginal/MariaDbOriginalStoredReader.php	18	$rows = $this->sql->rows('SELECT * FROM '.$this->sql->table('fm2_assignment_order_original_requests').' WHERE request_id='.$this->sql->quote($id).$suffix);
sql-read	app/AssignmentOrderOriginal/MariaDbOriginalStoredReader.php	20	$revisions = $this->sql->rows('SELECT * FROM '.$this->sql->table('fm2_assignment_order_original_revisions').' WHERE request_id='.$this->sql->quote($id).$suffix);
sql-read	app/AssignmentOrderOriginal/MariaDbOriginalStoredReader.php	22	$audits = $this->sql->rows('SELECT * FROM '.$this->sql->table('fm2_assignment_order_original_audits').' WHERE request_id='.$this->sql->quote($id).$suffix);
sql-read	app/AssignmentOrderOriginal/MariaDbOriginalStoredReader.php	45	$rows = $this->sql->rows('SELECT * FROM '.$this->sql->table('fm2_assignment_order_original_revisions').' WHERE operation_fingerprint='.$this->sql->quote($fingerprint));
sql-read	app/AssignmentOrderOriginal/MariaDbOriginalStoredReader.php	62	if ($this->sql->rows('SELECT root_original_id FROM '.$this->sql->table('fm2_assignment_order_original_'.$table)
sql-read	app/AssignmentOrderOriginal/MariaDbOriginalStoredReader.php	76	$rows = $this->sql->rows('SELECT revision_id,root_original_id FROM '.$this->sql->table('fm2_assignment_order_original_revisions').' WHERE revision_id='.$this->sql->quote($id));
sql-read	app/AssignmentOrderOriginal/MariaDbOriginalStoredReader.php	87	$rows = $this->sql->rows('SELECT COUNT(*) n FROM '.$this->sql->table('fm2_assignment_order_original_revisions').' WHERE private_content_identity='.$this->sql->quote($id));
include	app/AssignmentOrderOriginal/MariaDbOriginalStoredRows.php	6	require_once __DIR__.'/MariaDbOriginalAttemptAuditRows.php';
sql-read	app/AssignmentOrderOriginal/MariaDbOriginalStoredRows.php	34	$rows = $sql->rows('SELECT * FROM '.$sql->table('fm2_assignment_order_original_audits').' WHERE request_id='.$sql->quote($requestId).($lock ? ' FOR UPDATE' : ''));
sql-read	app/AssignmentOrderOriginal/MariaDbOriginalStoredRows.php	59	$rows = $sql->rows('SELECT * FROM '.$sql->table('fm2_assignment_order_original_events').' WHERE revision_id='.$sql->quote($commit->newRevisionId).($lock ? ' FOR UPDATE' : ''));
sql-read	app/AssignmentOrderOriginal/MariaDbOriginalSubmissionQuery.php	42	$rows=$s->rows('SELECT u.user_id FROM '.$s->table('fm2_pilot_users').' u JOIN '.$s->table('fm2_pilot_user_roles').' ur ON ur.user_id=u.user_id JOIN '
sql-read	app/AssignmentOrderOriginal/MariaDbOriginalSubmissionSource.php	11	$s=$this->sql;$suffix=$lock?' FOR UPDATE':'';$cases=$s->rows('SELECT id FROM '.$s->table('fm2_installation_cases').' WHERE legacy_installation_object_id='.$object.$suffix);
sql-read	app/AssignmentOrderOriginal/MariaDbOriginalSubmissionSource.php	17	$headers=$s->rows('SELECT * FROM '.$s->table('fm2_assignment_order_selections').' WHERE assignment_order_id='.$order.$suffix);
sql-read	app/AssignmentOrderOriginal/MariaDbOriginalSubmissionSource.php	19	$members=$s->rows('SELECT * FROM '.$s->table('fm2_assignment_order_selection_members').' WHERE assignment_order_id='.$order.' ORDER BY installer_tab_id'.$suffix);
sql-read	app/AssignmentOrderOriginal/MariaDbOriginalSubmissionSource.php	23	$rows=$s->rows('SELECT request_id FROM '.$s->table('fm2_assignment_order_original_revisions').' WHERE revision_id='.$s->quote($line->currentRevisionId()).$suffix);
include	app/AssignmentOrderOriginal/MariaDbRegisteredAssignmentOrderCompositionReader.php	4	require_once __DIR__.'/MariaDbOriginalSql.php';
include	app/AssignmentOrderOriginal/MariaDbRegisteredAssignmentOrderCompositionReader.php	5	require_once __DIR__.'/MariaDbOriginalSqlComposition.php';
include	app/AssignmentOrderOriginal/MariaDbRegisteredAssignmentOrderCompositionReader.php	15	AssignmentOrderRegisteredCompositionValues::require($caseId > 0 && $orderId > 0);
sql-read	app/AssignmentOrderOriginal/MariaDbRegisteredAssignmentOrderCompositionReader.php	17	$configuration = $sql->rows('SELECT DATABASE() db,@@character_set_connection charset');
include	app/AssignmentOrderOriginal/MariaDbRegisteredAssignmentOrderCompositionReader.php	18	AssignmentOrderRegisteredCompositionValues::require(count($configuration) === 1 && is_string($configuration[0]['db'])
sql-read	app/AssignmentOrderOriginal/MariaDbRegisteredCompositionQuery.php	11	$rows = $sql->rows('SELECT * FROM ' . $sql->table('fm2_assignment_order_identities') . ' WHERE assignment_order_id=' . $order . $suffix);
include	app/AssignmentOrderOriginal/MariaDbRegisteredCompositionQuery.php	13	AssignmentOrderRegisteredCompositionValues::require(count($rows) <= 1);
include	app/AssignmentOrderOriginal/MariaDbRegisteredCompositionQuery.php	16	AssignmentOrderRegisteredCompositionValues::require(AssignmentOrderRegisteredCompositionValues::integer($registry['assignment_order_id']) === $order);
include	app/AssignmentOrderOriginal/MariaDbRegisteredCompositionQuery.php	21	AssignmentOrderRegisteredCompositionValues::require(in_array($registry['source_kind'], ['legacy_order','selection'], true));
sql-read	app/AssignmentOrderOriginal/MariaDbRegisteredCompositionQuery.php	25	$physical = $sql->rows('SELECT ' . ($legacy ? '*' : 'id') . ' FROM ' . $sql->table('fm2_assignment_orders') . ' WHERE id=' . $order . $suffix);
sql-read	app/AssignmentOrderOriginal/MariaDbRegisteredCompositionQuery.php	26	$selection = $sql->rows('SELECT ' . ($rows !== [] && !$legacy ? '*' : 'assignment_order_id') . ' FROM ' . $sql->table('fm2_assignment_order_selections') . ' WHERE assignment_order_id=' . $order . $suffix);
include	app/AssignmentOrderOriginal/MariaDbRegisteredCompositionQuery.php	29	AssignmentOrderRegisteredCompositionValues::require($physical === [] && $selection === []);
include	app/AssignmentOrderOriginal/MariaDbRegisteredCompositionQuery.php	33	AssignmentOrderRegisteredCompositionValues::require(count($source) === 1 && $opposite === []); $header = $source[0];
include	app/AssignmentOrderOriginal/MariaDbRegisteredCompositionQuery.php	34	AssignmentOrderRegisteredCompositionValues::require(AssignmentOrderRegisteredCompositionValues::integer($header[$legacy ? 'id' : 'assignment_order_id']) === $order
sql-read	app/AssignmentOrderOriginal/MariaDbRegisteredCompositionQuery.php	37	$members = $sql->rows('SELECT * FROM ' . $sql->table($legacy ? 'fm2_order_installers' : 'fm2_assignment_order_selection_members') . ' WHERE assignment_order_id=' . $order . ' ORDER BY installer_tab_id' . $suffix);
include	app/AssignmentOrderOriginal/MariaDbRuntimeRepository.php	5	require_once __DIR__.'/AssignmentOrderOriginalCommitValues.php';
include	app/AssignmentOrderOriginal/MariaDbRuntimeRepository.php	6	require_once __DIR__.'/MariaDbOriginalSql.php';
include	app/AssignmentOrderOriginal/MariaDbRuntimeRepository.php	7	require_once __DIR__.'/MariaDbOriginalRepositoryReads.php';
include	app/AssignmentOrderOriginal/MariaDbRuntimeRepository.php	8	require_once __DIR__.'/MariaDbOriginalRepositoryWrites.php';
sql-read	app/AssignmentOrderOriginal/MariaDbSelectedOriginalComposition.php	14	$registry=$sql->rows('SELECT source_kind FROM '.$sql->table('fm2_assignment_order_identities').' WHERE assignment_order_id='.$order);
sql-read	app/AssignmentOrderOriginal/MariaDbSelectedOriginalComposition.php	17	$latest=$sql->rows('SELECT assignment_order_id,selection_revision FROM '.$sql->table('fm2_assignment_order_selections').' WHERE installation_case_id='.$case.' ORDER BY selection_revision DESC LIMIT 1'.$suffix);
sql-read	app/AssignmentOrderOriginal/MariaDbSelectedOriginalComposition.php	21	$roots=$sql->rows('SELECT root_original_id FROM '.$sql->table('fm2_assignment_order_original_roots').' WHERE assignment_order_id='.$order.$suffix);
sql-read	app/AssignmentOrderOriginal/MariaDbSelectedOriginalCompositionReader.php	12	$configuration=$sql->rows('SELECT DATABASE() db,@@character_set_connection charset');
include	app/AssignmentOrderOriginal/ProductionAssignmentOrderOriginalFactory.php	16	require_once __DIR__.'/MariaDbRuntimeRepository.php';
include	app/AssignmentOrderOriginal/ProductionAssignmentOrderOriginalMaintenanceFactory.php	5	require_once __DIR__.'/MariaDbRuntimeRepository.php';
include	app/AssignmentOrderOriginal/ProductionAssignmentOrderOriginalMaintenanceFactory.php	6	require_once __DIR__.'/MariaDbOriginalMaintenanceRepository.php';
include	app/AssignmentOrderOriginal/ProductionAssignmentOrderOriginalMaintenanceFactory.php	7	require_once __DIR__.'/AssignmentOrderOriginalOpenedSafeLog.php';
include	app/AssignmentOrderOriginal/ProductionAssignmentOrderOriginalSubmissionFactory.php	4	require_once __DIR__.'/AssignmentOrderOriginalRuntime.php';
include	app/IdentityAccess/CsprngPilotSessionEntropy.php	4	require_once __DIR__.'/PilotSessionEntropy.php';
include	app/IdentityAccess/FilesystemPilotSessionStorage.php	4	require_once __DIR__.'/PilotSessionStorageTypes.php';
sql-read	app/IdentityAccess/MariaDbInitialOwnerProvisioning.php	27	$users = $db->query("SELECT * FROM `{$prefix}fm2_pilot_users` FOR UPDATE")->fetch_all(MYSQLI_ASSOC);
sql-write-or-schema	app/IdentityAccess/MariaDbInitialOwnerProvisioning.php	43	$user = $db->prepare("INSERT INTO `{$prefix}fm2_pilot_users`(full_name,email,phone,status,activation_state,session_version,source_updated_at)VALUES(?,?,'',1,'active',1,?)");
sql-write-or-schema	app/IdentityAccess/MariaDbInitialOwnerProvisioning.php	45	$credential = $db->prepare("INSERT INTO `{$prefix}fm2_pilot_auth_credentials`(user_id,email_normalized,password_hash,password_set_at,updated_at)VALUES(?,?,?,?,?)");
sql-read	app/IdentityAccess/MariaDbInitialOwnerProvisioning.php	58	$statement = $db->prepare("SELECT email_normalized,password_hash FROM `{$prefix}fm2_pilot_auth_credentials` WHERE user_id=?");$statement->bind_param('i',$id);$statement->execute();$credential=$statement->get_result()->fetch_assoc();
sql-read	app/IdentityAccess/MariaDbInitialOwnerProvisioning.php	60	$grants=$db->query("SELECT r.code,ur.origin,ur.assigned_by_user_id FROM `{$prefix}fm2_pilot_user_roles`ur JOIN `{$prefix}fm2_pilot_roles`r ON r.role_id=ur.role_id WHERE ur.user_id={$id} ORDER BY r.code")->fetch_all(MYSQLI_ASSOC);
sql-read	app/IdentityAccess/MariaDbInitialOwnerProvisioning.php	65	private static function identityIsEmpty(\mysqli$db,string$p):bool{foreach(IdentityAccessDefinitionSchemaMigration::tables()as$table)if((int)$db->query("SELECT COUNT(*)n FROM `{$p}{$table}`")->fetch_assoc()['n']!==0)return false;return true;
sql-read	app/IdentityAccess/MariaDbInitialOwnerProvisioning.php	66	private static function auxiliaryHistoryIsEmpty(\mysqli$db,string$p):bool{foreach(['fm2_pilot_invitations','fm2_pilot_user_role_events','fm2_pilot_auth_attempts','fm2_pilot_user_status_events']as$table)if((int)$db->query("SELECT COUNT(*)n F
sql-write-or-schema	app/IdentityAccess/MariaDbInitialOwnerProvisioning.php	71	foreach(LocalRoleCatalog::roles()as$code=>$role){$s=$db->prepare("INSERT INTO `{$prefix}fm2_pilot_roles`(code,name,description,status,source_updated_at)VALUES(?,?,?,1,?)");$s->bind_param('ssss',$code,$role['name'],$role['description'],$now)
sql-write-or-schema	app/IdentityAccess/MariaDbInitialOwnerProvisioning.php	73	private static function grant(\mysqli$db,string$p,int$user,string$code,string$now):void{$s=$db->prepare("SELECT role_id FROM `{$p}fm2_pilot_roles` WHERE code=?");$s->bind_param('s',$code);$s->execute();$role=(int)$s->get_result()->fetch_col
sql-read	app/IdentityAccess/MariaDbInitialOwnerProvisioning.php	73	private static function grant(\mysqli$db,string$p,int$user,string$code,string$now):void{$s=$db->prepare("SELECT role_id FROM `{$p}fm2_pilot_roles` WHERE code=?");$s->bind_param('s',$code);$s->execute();$role=(int)$s->get_result()->fetch_col
sql-read	app/IdentityAccess/MariaDbInitialOwnerProvisioning.php	74	private static function catalogIsExact(\mysqli$db,string$p):bool{$expected=LocalRoleCatalog::roles();$rows=$db->query("SELECT role_id,code,name,description,status FROM `{$p}fm2_pilot_roles`")->fetch_all(MYSQLI_ASSOC);if(count($rows)!==count
sql-read	app/IdentityAccess/MariaDbInitialOwnerProvisioning.php	75	private static function acquire(\mysqli$db,string$p):?string{$database=$db->query('SELECT DATABASE()')->fetch_column();if(!is_string($database)||$database==='')throw new \RuntimeException();$name=hash('sha256',$database."\0".$p."\0initial-o
sql-read	app/IdentityAccess/MariaDbInitialOwnerProvisioning.php	76	private static function release(\mysqli$db,string$name):void{$s=$db->prepare('SELECT RELEASE_LOCK(?)');$s->bind_param('s',$name);$s->execute();if((string)$s->get_result()->fetch_column()!=='1')throw new \RuntimeException();}
sql-read	app/IdentityAccess/MariaDbInvitationRecipientLookup.php	19	$lookup = $this->db->prepare("SELECT user_id FROM `{$this->prefix}fm2_pilot_users` WHERE email=?");
sql-read	app/IdentityAccess/MariaDbLocalAuthorizationFacts.php	32	"SELECT COUNT(*) AS identity_count,"
sql-read	app/IdentityAccess/MariaDbLocalAuthorizationFacts.php	34	. "SELECT 1 FROM `{$assignments}` ur"
sql-read	app/IdentityAccess/MariaDbPilotAccessPolicy.php	25	$statement=$db->prepare("SELECT DISTINCT rp.permission FROM `{$prefix}fm2_pilot_users` u JOIN `{$prefix}fm2_pilot_user_roles` ur ON ur.user_id=u.user_id JOIN `{$prefix}fm2_pilot_roles` r ON r.role_id=ur.role_id JOIN `{$prefix}fm2_pilot_role
sql-read	app/IdentityAccess/MariaDbPilotAccessPolicy.php	32	$statement=$db->prepare("SELECT permission FROM `{$prefix}fm2_pilot_role_permissions` WHERE role_id=? ORDER BY permission");
sql-read	app/IdentityAccess/MariaDbReissueUserInvitation.php	22	"SELECT u.user_id FROM `{$this->prefix}fm2_pilot_users` u"
sql-read	app/IdentityAccess/MariaDbReissueUserInvitation.php	37	"SELECT status,activation_state FROM `{$this->prefix}fm2_pilot_users` WHERE user_id=? FOR UPDATE"
sql-write-or-schema	app/IdentityAccess/MariaDbReissueUserInvitation.php	50	"UPDATE `{$this->prefix}fm2_pilot_invitations` SET revoked_at=NOW(6)"
sql-write-or-schema	app/IdentityAccess/MariaDbReissueUserInvitation.php	56	"INSERT INTO `{$this->prefix}fm2_pilot_invitations`"
include	app/IdentityAccess/NativePilotSessionFilesystem.php	4	require_once __DIR__.'/PilotSessionStorageTypes.php';
include	app/IdentityAccess/NoOpPilotSessionLifecycleObserver.php	4	require_once __DIR__.'/PilotSessionLifecycleObserver.php';
include	app/IdentityAccess/PilotSessionClock.php	3	require_once __DIR__ . '/PilotSessionStorageTypes.php';
include	app/IdentityAccess/PilotSessionEntropy.php	3	require_once __DIR__ . '/PilotSessionStorageTypes.php';
include	app/IdentityAccess/PilotSessionEntropyResult.php	3	require_once __DIR__ . '/PilotSessionStorageTypes.php';
include	app/IdentityAccess/PilotSessionEntropyStatus.php	3	require_once __DIR__ . '/PilotSessionStorageTypes.php';
include	app/IdentityAccess/PilotSessionFileHandle.php	3	require_once __DIR__ . '/PilotSessionStorageTypes.php';
include	app/IdentityAccess/PilotSessionFileStat.php	3	require_once __DIR__ . '/PilotSessionStorageTypes.php';
include	app/IdentityAccess/PilotSessionFileType.php	3	require_once __DIR__ . '/PilotSessionStorageTypes.php';
include	app/IdentityAccess/PilotSessionFilesystemEvent.php	3	require_once __DIR__ . '/PilotSessionStorageTypes.php';
include	app/IdentityAccess/PilotSessionFilesystemOperation.php	3	require_once __DIR__ . '/PilotSessionStorageTypes.php';
include	app/IdentityAccess/PilotSessionFilesystemPhase.php	3	require_once __DIR__ . '/PilotSessionStorageTypes.php';
include	app/IdentityAccess/PilotSessionFilesystemPrimitives.php	3	require_once __DIR__ . '/PilotSessionStorageTypes.php';
include	app/IdentityAccess/PilotSessionInspectionResult.php	3	require_once __DIR__ . '/PilotSessionInspectionTypes.php';
include	app/IdentityAccess/PilotSessionInspectionStatus.php	3	require_once __DIR__ . '/PilotSessionInspectionTypes.php';
include	app/IdentityAccess/PilotSessionInspectionTypes.php	4	require_once __DIR__.'/PilotSessionStorageTypes.php';
include	app/IdentityAccess/PilotSessionInspectorCliApplication.php	4	require_once __DIR__.'/PilotSessionInspectionTypes.php';
include	app/IdentityAccess/PilotSessionInspectorCliArguments.php	3	require_once __DIR__ . '/PilotSessionInspectionTypes.php';
include	app/IdentityAccess/PilotSessionInspectorCliOutput.php	3	require_once __DIR__ . '/PilotSessionInspectionTypes.php';
include	app/IdentityAccess/PilotSessionLifecycleObserver.php	3	require_once __DIR__ . '/PilotSessionStorageTypes.php';
include	app/IdentityAccess/PilotSessionLogicalArtifact.php	3	require_once __DIR__ . '/PilotSessionStorageTypes.php';
include	app/IdentityAccess/PilotSessionOperationResult.php	3	require_once __DIR__ . '/PilotSessionStorageTypes.php';
include	app/IdentityAccess/PilotSessionOperationStatus.php	3	require_once __DIR__ . '/PilotSessionStorageTypes.php';
include	app/IdentityAccess/PilotSessionPrimitiveFailureCode.php	3	require_once __DIR__ . '/PilotSessionStorageTypes.php';
include	app/IdentityAccess/PilotSessionPrimitiveOutcome.php	3	require_once __DIR__ . '/PilotSessionStorageTypes.php';
include	app/IdentityAccess/PilotSessionPrimitiveResult.php	3	require_once __DIR__ . '/PilotSessionStorageTypes.php';
include	app/IdentityAccess/PilotSessionStorage.php	3	require_once __DIR__ . '/PilotSessionStorageTypes.php';
include	app/IdentityAccess/PilotSessionStorageConfig.php	3	require_once __DIR__ . '/PilotSessionStorageTypes.php';
include	app/IdentityAccess/PilotSessionStorageFactory.php	4	require_once __DIR__.'/PilotSessionStorageTypes.php';
include	app/IdentityAccess/PilotSessionStorageInspection.php	3	require_once __DIR__ . '/PilotSessionInspectionTypes.php';
include	app/IdentityAccess/PilotSessionStorageInspector.php	4	require_once __DIR__.'/PilotSessionInspectionTypes.php';
include	app/IdentityAccess/PilotSessionUnavailableCategory.php	3	require_once __DIR__ . '/PilotSessionStorageTypes.php';
include	app/IdentityAccess/SystemPilotSessionClock.php	4	require_once __DIR__.'/PilotSessionClock.php';
sql-read	app/InspectionEvidence/MariaDbChecklistMutationFacts.php	12	$marks=$this->db->prepare('SELECT COUNT(*) n FROM '.$this->table('fm2_checklist_operations')." o WHERE o.installation_case_id=? AND o.operation_type='item_completed' AND o.item_id IN(".implode(',',array_map('intval',$itemIds)).") AND o.id=(
sql-read	app/InspectionEvidence/MariaDbChecklistMutationFacts.php	15	$photos=$this->db->prepare('SELECT COUNT(*) n FROM '.$this->table('fm2_checklist_photos').' WHERE installation_case_id=? AND section_id=? AND revoked_at IS NULL');
sql-read	app/InspectionEvidence/MariaDbChecklistMutationFacts.php	22	$s=$this->db->prepare('SELECT operation_type FROM '.$this->table('fm2_checklist_operations')." WHERE installation_case_id=? AND item_id=? AND operation_type IN('item_completed','completion_retracted') ORDER BY id DESC LIMIT 1");
sql-read	app/InspectionEvidence/MariaDbChecklistMutationFacts.php	29	$s=$this->db->prepare('SELECT operation_type,client_operation_id,actor_user_id FROM '.$this->table('fm2_checklist_operations')." WHERE installation_case_id=? AND item_id=? AND operation_type IN('item_completed','completion_retracted') ORDER
sql-read	app/InspectionEvidence/MariaDbChecklistMutationFacts.php	36	$s=$this->db->prepare('SELECT 1 FROM '.$this->table('fm2_assignment_orders')." WHERE installation_case_id=? AND control_engineer_user_id=? AND status='registered' ORDER BY version_no DESC LIMIT 1");
sql-read	app/InspectionEvidence/MariaDbChecklistMutationFacts.php	43	$s=$this->db->prepare('SELECT (SELECT COUNT(*) FROM '.$this->table('fm2_checklist_photos').' WHERE installation_case_id=? AND section_id=? AND revoked_at IS NULL) photos,(SELECT operation_type FROM '.$this->table('fm2_checklist_operations')
sql-read	app/InspectionEvidence/MariaDbChecklistMutationFacts.php	51	$s=$this->db->prepare('SELECT 1 FROM information_schema.TABLES WHERE TABLE_SCHEMA=DATABASE() AND TABLE_NAME=?');
sql-read	app/InspectionEvidence/MariaDbChecklistProgress.php	13	$caseIds=array_values(array_unique(array_filter(array_map('intval',$caseIds),fn($id)=>$id>0)));if($caseIds===[])return[];$cases=implode(',',$caseIds);$items=implode(',',array_keys(self::WEIGHTS));$rows=$this->db->query("SELECT installation_
sql-read	app/InspectionEvidence/MariaDbInspectionAuthorization.php	17	$query = 'SELECT u.status,u.activation_state,p.permission FROM '.$this->table('fm2_pilot_users').' u'
sql-read	app/InspectionEvidence/MariaDbInspectionCaseDirectory.php	18	$query = 'SELECT c.process_state,o.id order_id,o.control_engineer_user_id'
sql-read	app/InspectionEvidence/MariaDbInspectionCaseDirectory.php	21	.'SELECT oo.id FROM '.$this->table('fm2_assignment_orders').' oo'
sql-read	app/InspectionEvidence/MariaDbInspectionCaseDirectory.php	42	'SELECT installer_tab_id FROM '.$this->table('fm2_order_installers')
sql-read	app/InspectionEvidence/MariaDbInspectionCaseDirectory.php	56	'SELECT template_snapshot_id FROM '.$this->table('fm2_checklist_template_associations')
sql-read	app/InspectionEvidence/MariaDbInspectionCaseDirectory.php	95	'SELECT installer_tab_id,fio_snapshot,position_snapshot,employment_status_snapshot,'
sql-read	app/InspectionEvidence/MariaDbInspectionEvidenceReader.php	16	'SELECT o.*,r.revision_no current_revision FROM '.$this->table('fm2_checklist_operations').' o'
sql-read	app/InspectionEvidence/MariaDbInspectionEvidenceReader.php	29	'SELECT installer_tab_id,fio_snapshot,position_snapshot FROM '
sql-write-or-schema	app/InspectionEvidence/MariaDbInspectionEvidenceWriter.php	27	'INSERT INTO '.$this->table('fm2_checklist_operations')
sql-write-or-schema	app/InspectionEvidence/MariaDbInspectionEvidenceWriter.php	55	'INSERT INTO '.$this->table('fm2_checklist_operation_installers')
sql-write-or-schema	app/InspectionEvidence/MariaDbInspectionEvidenceWriter.php	83	'UPDATE '.$this->table('fm2_checklist_revisions')
sql-read	app/InspectionEvidence/MariaDbInspectionTemplateDirectory.php	19	'SELECT snapshot_version,content_sha256,payload_json FROM '
sql-read	app/InspectionEvidence/MariaDbInspectionTransaction.php	21	'SELECT revision_no FROM '.$this->table('fm2_checklist_revisions')
sql-read	app/InspectionEvidence/MariaDbInspectionTransaction.php	31	'SELECT id FROM '.$this->table('fm2_installation_cases').' WHERE id=? FOR UPDATE'
sql-read	app/InspectionEvidence/MariaDbInspectionTransaction.php	41	'SELECT revision_no FROM '.$this->table('fm2_checklist_revisions')
sql-write-or-schema	app/InspectionEvidence/MariaDbInspectionTransaction.php	50	'INSERT IGNORE INTO '.$this->table('fm2_checklist_revisions')
include	app/InspectionEvidence/MariaDbObjectCurrentProgress.php	5	require_once \dirname(__DIR__).'/InspectionEvidence/MariaDbChecklistProgress.php';
sql-read	app/InspectionEvidence/MariaDbObjectCurrentProgress.php	16	$cases=$this->db->query("SELECT id,legacy_installation_object_id FROM `{$this->prefix}fm2_installation_cases` WHERE legacy_installation_object_id IN({$ids})")->fetch_all(MYSQLI_ASSOC);if($cases===[])return[];
sql-read	app/InspectionEvidence/MariaDbObjectCurrentProgress.php	18	$facts=[];foreach($this->db->query("SELECT installation_case_id,MAX(fact_type='pto_act') has_pto,MAX(fact_type='declaration') has_declaration,MAX(recorded_at) last_fact_at FROM `{$this->prefix}fm2_pilot_completion_facts` WHERE installation_
sql-read	app/InspectionEvidence/MariaDbObjectCurrentProgress.php	19	$activity=[];foreach($this->db->query("SELECT installation_case_id,MAX(server_received_at) last_activity_at FROM `{$this->prefix}fm2_checklist_operations` WHERE installation_case_id IN({$caseList}) GROUP BY installation_case_id")->fetch_all
sql-write-or-schema	app/InstallationProcess/AssignmentOrderApplicationDefinitionSchemaMigration.php	10	return "CREATE TABLE {$t('fm2_assignment_order_applications')} (application_id BIGINT UNSIGNED AUTO_INCREMENT NOT NULL,installation_case_id BIGINT UNSIGNED NOT NULL,object_id BIGINT UNSIGNED NOT NULL,application_sequence INT UNSIGNED NOT NU
sql-write-or-schema	app/InstallationProcess/AssignmentOrderApplicationDefinitionSchemaMigration.php	14	return "CREATE TABLE `{$p}fm2_assignment_application_attempts` (attempt_id BIGINT UNSIGNED AUTO_INCREMENT NOT NULL,request_id CHAR(36) CHARACTER SET ascii COLLATE ascii_bin NOT NULL,actor_user_id BIGINT UNSIGNED NOT NULL,object_id BIGINT UN
sql-read	app/InstallationProcess/AssignmentOrderApplicationSchemaMigration.php	11	try{$pre=self::scalar($db,'SELECT IS_USED_LOCK(?) n',[$name]);if($pre['n']!==null&&(int)$pre['n']===$db->thread_id)throw new \RuntimeException();
sql-read	app/InstallationProcess/AssignmentOrderApplicationSchemaMigration.php	12	if((string)self::scalar($db,'SELECT GET_LOCK(?,5) n',[$name])['n']!=='1')throw new \RuntimeException();$owned=true;
sql-read	app/InstallationProcess/AssignmentOrderApplicationSchemaMigration.php	15	else{$collation=(string)self::scalar($db,'SELECT DEFAULT_COLLATION_NAME n FROM information_schema.SCHEMATA WHERE SCHEMA_NAME=DATABASE()')['n'];$applied=false;
sql-read	app/InstallationProcess/AssignmentOrderApplicationSchemaMigration.php	19	}catch(\Throwable){$failed=true;}finally{if($owned)try{if((string)self::scalar($db,'SELECT RELEASE_LOCK(?) n',[$name])['n']!=='1')$failed=true;}catch(\Throwable){$failed=true;}}
sql-read	app/InstallationProcess/AssignmentOrderApplicationSchemaMigration.php	28	if(!$b){$count=(int)self::scalar($db,'SELECT COUNT(*) n FROM `'.$p.'fm2_assignment_order_applications`')['n'];return$count===0?'prefix':'conflict';}
sql-read	app/InstallationProcess/AssignmentOrderApplicationSchemaMigration.php	32	{if($db->character_set_name()!=='utf8mb4'||(string)self::scalar($db,'SELECT @@in_transaction n')['n']!=='0'||(string)self::scalar($db,'SELECT @@autocommit n')['n']!=='1')throw new \RuntimeException();$n=self::scalar($db,'SELECT DATABASE() n
sql-read	app/InstallationProcess/AssignmentOrderApplicationSchemaMigration.php	34	{$r=self::scalar($db,'SELECT COUNT(*) n FROM information_schema.COLUMNS WHERE TABLE_SCHEMA=DATABASE() AND TABLE_NAME=?',[$t]);$p=self::scalar($db,'SELECT ENGINE n FROM information_schema.TABLES WHERE TABLE_SCHEMA=DATABASE() AND TABLE_NAME=?
sql-read	app/InstallationProcess/AssignmentOrderApplicationSchemaMigration.php	35	private static function exists(\mysqli$db,string$t):bool{return(string)self::scalar($db,'SELECT COUNT(*) n FROM information_schema.TABLES WHERE TABLE_SCHEMA=DATABASE() AND TABLE_NAME=?',[$t])['n']==='1';}
sql-write-or-schema	app/InstallationProcess/AssignmentOrderIdentityRegistryBackfillSchemaMigration.php	17	$statement=$db->prepare("INSERT INTO `{$prefix}fm2_assignment_order_identities` (assignment_order_id,installation_case_id,order_version,source_kind,allocated_at_utc) VALUES (?,?,?,'legacy_order',?)");
sql-write-or-schema	app/InstallationProcess/AssignmentOrderIdentityRegistryBackfillSchemaMigration.php	25	$statement=$db->prepare("INSERT INTO `{$prefix}fm2_assignment_order_id_receipts` (singleton_id,format_version,legacy_max_id,legacy_next_id,preserved_next_id,legacy_row_count,legacy_tuple_sha256,legacy_prepared_sha256) VALUES (1,1,?,?,?,?,?,
sql-write-or-schema	app/InstallationProcess/AssignmentOrderIdentityRegistryDefinitionSchemaMigration.php	71	$parts[]="CONSTRAINT `{$prefix}fm2_aoir_fk_case` FOREIGN KEY (installation_case_id) REFERENCES `{$prefix}fm2_installation_cases`(id) ON UPDATE RESTRICT ON DELETE RESTRICT";
sql-write-or-schema	app/InstallationProcess/AssignmentOrderIdentityRegistryDefinitionSchemaMigration.php	73	$definitions[$base]="CREATE TABLE `{$prefix}{$base}` (".implode(',',$parts).") ENGINE=InnoDB DEFAULT CHARSET=utf8mb4 COLLATE `$collation`";
sql-read	app/InstallationProcess/AssignmentOrderIdentityRegistryEngineSchemaMigration.php	12	$state=MariaDbAssignmentOrderIdentityRegistrySql::one($connection,'SELECT @@in_transaction active,DATABASE() db,@@character_set_connection charset');
sql-read	app/InstallationProcess/AssignmentOrderIdentityRegistryEngineSchemaMigration.php	20	$lock=MariaDbAssignmentOrderIdentityRegistrySql::one($connection,'SELECT GET_LOCK(?,5) n',[$name]);
sql-write-or-schema	app/InstallationProcess/AssignmentOrderIdentityRegistryEngineSchemaMigration.php	37	if ($connection->query("ALTER TABLE `{$prefix}fm2_assignment_order_identities` AUTO_INCREMENT=".$plan['frontier'])!==true) {
sql-read	app/InstallationProcess/AssignmentOrderIdentityRegistryEngineSchemaMigration.php	51	$released=MariaDbAssignmentOrderIdentityRegistrySql::one($connection,'SELECT RELEASE_LOCK(?) n',[$name]);
sql-read	app/InstallationProcess/AssignmentOrderIdentityRegistryEngineSchemaMigration.php	62	if ((string)MariaDbAssignmentOrderIdentityRegistrySql::one($db,'SELECT @@in_transaction n')['n']==='1' && $db->rollback()!==true) {
sql-write-or-schema	app/InstallationProcess/AssignmentOrderOriginalDefinitionSchemaMigration.php	128	return "CREATE TABLE `{$prefix}" . self::TABLES[0] . "` (root_original_id VARCHAR(80) CHARACTER SET ascii COLLATE ascii_bin NOT NULL, installation_case_id BIGINT UNSIGNED NOT NULL, assignment_order_id BIGINT UNSIGNED NOT NULL, current_revis
include	app/InstallationProcess/AssignmentOrderOriginalSchemaMigration.php	3	require_once dirname(__DIR__).'/AssignmentOrderOriginal/AssignmentOrderOriginalPhysicalNames.php';
sql-read	app/InstallationProcess/AssignmentOrderOriginalSchemaMigration.php	13	public static function exists(\mysqli$d,string$t):bool{$t=AssignmentOrderOriginalPhysicalNames::qualified($t);$s=$d->prepare('SELECT 1 FROM information_schema.TABLES WHERE TABLE_SCHEMA=DATABASE()AND TABLE_NAME=?');$s->bind_param('s',$t);$s-
sql-write-or-schema	app/InstallationProcess/AssignmentOrderOriginalSchemaMigration.php	14	private static function caps(\mysqli$d,string$p):void{$t=$p.'fm2_process_user_capabilities';if(!self::exists($d,$t))return;$s=$d->prepare('SELECT CONSTRAINT_NAME,CHECK_CLAUSE FROM information_schema.CHECK_CONSTRAINTS WHERE CONSTRAINT_SCHEMA
sql-read	app/InstallationProcess/AssignmentOrderOriginalSchemaMigration.php	14	private static function caps(\mysqli$d,string$p):void{$t=$p.'fm2_process_user_capabilities';if(!self::exists($d,$t))return;$s=$d->prepare('SELECT CONSTRAINT_NAME,CHECK_CLAUSE FROM information_schema.CHECK_CONSTRAINTS WHERE CONSTRAINT_SCHEMA
sql-read	app/InstallationProcess/AssignmentOrderOriginalSchemaMigration.php	16	public static function snap(\mysqli$d,string$t,string$p):array{$t=AssignmentOrderOriginalPhysicalNames::qualified($t);$s=$d->prepare('SELECT ENGINE,TABLE_COLLATION FROM information_schema.TABLES WHERE TABLE_SCHEMA=DATABASE()AND TABLE_NAME=?
sql-write-or-schema	app/InstallationProcess/AssignmentOrderOriginalSchemaMigration.php	18	public static function ddl(string$p,string$t):string{$q=static fn($n)=>'`'.AssignmentOrderOriginalPhysicalNames::table($p,$n).'`';$a=[];foreach(AssignmentOrderOriginalDatabaseSetupV1::columnManifest()[$t]as[$n,$ty,$nu,$cs,$co,$de,$ex]){$x="
sql-read	app/InstallationProcess/AssignmentOrderOriginalSchemaMigrationEngineSchemaMigration.php	6	private function revisionState(\mysqli$db,string$p):array{$t=$p.AssignmentOrderOriginalDatabaseSetupV1::TABLES[1];$a=AssignmentOrderOriginalSchemaMigration::snap($db,$t,$p);$e=AssignmentOrderOriginalSchemaMigration::expected(AssignmentOrder
sql-write-or-schema	app/InstallationProcess/AssignmentOrderOriginalSchemaMigrationEngineSchemaMigration.php	7	private function upgrade(\mysqli$db,string$p,string$n):void{$t=$p.AssignmentOrderOriginalDatabaseSetupV1::TABLES[1];if(preg_match('/^[A-Za-z0-9_$]{1,64}$/D',$n)!==1)throw new AssignmentOrderOriginalSchemaMigrationUnavailable();$db->query("A
sql-write-or-schema	app/InstallationProcess/AssignmentOrderOriginalSchemaMigrationEngineSchemaMigration.php	9	private function alterCap(\mysqli$db,string$p,string$n):void{if(preg_match('/^[A-Za-z0-9_$]{1,64}$/D',$n)!==1)throw new AssignmentOrderOriginalSchemaMigrationUnavailable();$t=$p.'fm2_process_user_capabilities';$db->query("ALTER TABLE `{$t}`
sql-read	app/InstallationProcess/AssignmentOrderOriginalSchemaMigrationEngineSchemaMigration.php	10	private function capability(\mysqli$db,string$p):array{$t=$p.'fm2_process_user_capabilities';if(!AssignmentOrderOriginalSchemaMigration::exists($db,$t))return['state'=>'ABSENT','name'=>null];$s=$db->prepare('SELECT CONSTRAINT_NAME,CHECK_CLA
sql-write-or-schema	app/InstallationProcess/AssignmentOrderSelectionDefinitionSchemaMigration.php	29	. self::identifier($key['table']) . ' (' . self::columns($key['target']) . ') ON UPDATE ' . $key['update'] . ' ON DELETE ' . $key['delete'];
sql-write-or-schema	app/InstallationProcess/AssignmentOrderSelectionDefinitionSchemaMigration.php	32	return 'CREATE TABLE ' . self::identifier($table['name']) . ' (' . implode(',', $definitions) . ') ENGINE=InnoDB DEFAULT CHARSET=utf8mb4 COLLATE=' . $collation;
sql-read	app/InstallationProcess/AssignmentOrderSelectionEngineSchemaMigration.php	15	$lock = MariaDbAssignmentOrderSelectionSchemaSql::one($connection, 'SELECT GET_LOCK(?,5) n', [$name]);
sql-read	app/InstallationProcess/AssignmentOrderSelectionEngineSchemaMigration.php	39	$release = MariaDbAssignmentOrderSelectionSchemaSql::one($connection, 'SELECT RELEASE_LOCK(?) n', [$name]);
include	app/InstallationProcess/AssignmentOrderSelectionSchemaComposition.php	20	AssignmentOrderSelectionSchemaValues::require($identity !== null && $identity['source_kind'] === 'selection');
include	app/InstallationProcess/AssignmentOrderSelectionSchemaComposition.php	21	foreach (['installation_case_id','order_version'] as $key) { AssignmentOrderSelectionSchemaValues::require($header[$key] === (string)$identity[$key]); }
include	app/InstallationProcess/AssignmentOrderSelectionSchemaComposition.php	22	AssignmentOrderSelectionSchemaValues::require($header['selected_at_utc'] === $identity['allocated_at_utc']);
include	app/InstallationProcess/AssignmentOrderSelectionSchemaComposition.php	24	AssignmentOrderSelectionSchemaValues::require($header['selection_date'] === $instant->setTimezone(new \DateTimeZone('Europe/Moscow'))->format('Y-m-d'));
include	app/InstallationProcess/AssignmentOrderSelectionSchemaComposition.php	26	AssignmentOrderSelectionSchemaValues::require($header['composition_identity'] === 'composition-' . $id . '-v' . $header['order_version']);
include	app/InstallationProcess/AssignmentOrderSelectionSchemaComposition.php	27	$crew = $grouped[$id] ?? []; AssignmentOrderSelectionSchemaValues::require(count($crew) >= 1 && count($crew) <= 500);
include	app/InstallationProcess/AssignmentOrderSelectionSchemaComposition.php	34	AssignmentOrderSelectionSchemaValues::require($member['employment_status_snapshot'] === 'employed' && ($from===null?self::fullProof($member):$from <= $header['selection_date'])
include	app/InstallationProcess/AssignmentOrderSelectionSchemaComposition.php	39	AssignmentOrderSelectionSchemaValues::require($ids === $sorted);
include	app/InstallationProcess/AssignmentOrderSelectionSchemaComposition.php	42	AssignmentOrderSelectionSchemaValues::require($header['composition_sha256'] === hash('sha256', AssignmentOrderSelectionSchemaValues::json($composition)));
include	app/InstallationProcess/AssignmentOrderSelectionSchemaComposition.php	46	AssignmentOrderSelectionSchemaValues::require($grouped === [] && $selections === []);
include	app/InstallationProcess/AssignmentOrderSelectionSchemaComposition.php	50	AssignmentOrderSelectionSchemaValues::require($header['selection_revision'] === (string)($offset + 1));
include	app/InstallationProcess/AssignmentOrderSelectionSchemaComposition.php	51	AssignmentOrderSelectionSchemaValues::require($header['previous_selection_order_id'] === ($previous['assignment_order_id'] ?? null));
include	app/InstallationProcess/AssignmentOrderSelectionSchemaComposition.php	52	if ($previous !== null) { AssignmentOrderSelectionSchemaValues::require((int)$header['order_version'] === (int)$previous['order_version'] + 1); }
include	app/InstallationProcess/AssignmentOrderSelectionSchemaComposition.php	53	elseif ((int)$header['order_version'] > 1) { AssignmentOrderSelectionSchemaValues::require(($versions[$case . ':' . ((int)$header['order_version'] - 1)]['source_kind'] ?? null) === 'legacy_order'); }
include	app/InstallationProcess/AssignmentOrderSelectionSchemaComposition.php	54	if ($header['mode'] === 'new_order') { AssignmentOrderSelectionSchemaValues::require($header['replaces_selection_order_id'] === null); }
include	app/InstallationProcess/AssignmentOrderSelectionSchemaComposition.php	55	else { AssignmentOrderSelectionSchemaValues::require($header['mode'] === 'replace_pending' && $previous !== null && $header['replaces_selection_order_id'] === $previous['assignment_order_id']); }
include	app/InstallationProcess/AssignmentOrderSelectionSchemaHistory.php	12	AssignmentOrderSelectionSchemaValues::require($request !== null && $request['status'] === 'selected' && $header !== null
include	app/InstallationProcess/AssignmentOrderSelectionSchemaHistory.php	18	AssignmentOrderSelectionSchemaValues::require($event[$key] === $header[$field]);
include	app/InstallationProcess/AssignmentOrderSelectionSchemaHistory.php	22	AssignmentOrderSelectionSchemaValues::require(count($seen) === count($headers)); $backing = [];
include	app/InstallationProcess/AssignmentOrderSelectionSchemaHistory.php	26	AssignmentOrderSelectionSchemaValues::require($request !== null);
include	app/InstallationProcess/AssignmentOrderSelectionSchemaHistory.php	28	foreach (['actor_user_id','installation_object_id','mode','status','reason_code'] as $key) { AssignmentOrderSelectionSchemaValues::require($audit[$key] === $request[$key]); }
include	app/InstallationProcess/AssignmentOrderSelectionSchemaHistory.php	29	AssignmentOrderSelectionSchemaValues::require($audit['attempted_at_utc'] === $request['terminal_at_utc'] && !isset($backing[$audit['request_id']]));
include	app/InstallationProcess/AssignmentOrderSelectionSchemaHistory.php	32	AssignmentOrderSelectionSchemaValues::require(count($backing) === count($requests));
include	app/InstallationProcess/AssignmentOrderSelectionSchemaPredicate.php	13	AssignmentOrderSelectionSchemaValues::require(preg_match($pattern, $sql, $m, 0, $offset) === 1);
include	app/InstallationProcess/AssignmentOrderSelectionSchemaPredicate.php	34	AssignmentOrderSelectionSchemaValues::require($depth >= 0);
include	app/InstallationProcess/AssignmentOrderSelectionSchemaPredicate.php	41	AssignmentOrderSelectionSchemaValues::require($depth === 0);
include	app/InstallationProcess/AssignmentOrderSelectionSchemaPredicate.php	44	AssignmentOrderSelectionSchemaValues::require($tokens !== []);
include	app/InstallationProcess/AssignmentOrderSelectionSchemaRequests.php	15	AssignmentOrderSelectionSchemaValues::require(in_array($row['mode'], ['new_order','replace_pending'], true));
include	app/InstallationProcess/AssignmentOrderSelectionSchemaRequests.php	20	AssignmentOrderSelectionSchemaValues::require(in_array($row['reason_code'], $reasons, true));
include	app/InstallationProcess/AssignmentOrderSelectionSchemaRequests.php	30	AssignmentOrderSelectionSchemaValues::require(is_array($ids) && array_is_list($ids) && count($ids) <= 500);
include	app/InstallationProcess/AssignmentOrderSelectionSchemaRequests.php	31	foreach ($ids as $id) { AssignmentOrderSelectionSchemaValues::require(is_int($id) && $id > 0); }
include	app/InstallationProcess/AssignmentOrderSelectionSchemaRequests.php	33	AssignmentOrderSelectionSchemaValues::require($ids === $sorted && $row['installer_tab_ids_json'] === AssignmentOrderSelectionSchemaValues::json($ids));
include	app/InstallationProcess/AssignmentOrderSelectionSchemaRequests.php	36	AssignmentOrderSelectionSchemaValues::require($row['operation_fingerprint'] === hash('sha256', AssignmentOrderSelectionSchemaValues::json($intent)));
include	app/InstallationProcess/AssignmentOrderSelectionSchemaRequests.php	39	AssignmentOrderSelectionSchemaValues::require($header !== null && !isset($selected[$row['assignment_order_id']]));
include	app/InstallationProcess/AssignmentOrderSelectionSchemaRequests.php	40	foreach (self::SUCCESS as $key => $field) { AssignmentOrderSelectionSchemaValues::require($row[$key] === $header[$field]); }
include	app/InstallationProcess/AssignmentOrderSelectionSchemaRequests.php	41	AssignmentOrderSelectionSchemaValues::require($ids === $header['installerIds'] && $row['control_engineer_user_id'] === $header['control_engineer_user_id']
include	app/InstallationProcess/AssignmentOrderSelectionSchemaRequests.php	46	} else { foreach (self::SUCCESS as $key => $_) { AssignmentOrderSelectionSchemaValues::require($row[$key] === null); } }
include	app/InstallationProcess/AssignmentOrderSelectionSchemaRequests.php	49	AssignmentOrderSelectionSchemaValues::require(count($selected) === count($headers));
include	app/InstallationProcess/AssignmentOrderSelectionSchemaValues.php	14	public static function require(bool $valid): void { if (!$valid) { throw new \DomainException('Invalid selection schema facts.'); } }
include	app/InstallationProcess/AssignmentOrderSelectionSchemaValues.php	22	self::require(preg_match('//u', $value) === 1 && preg_match('/^[\p{Z}\x{0009}-\x{000D}]|[\p{Z}\x{0009}-\x{000D}]$/u', $value) === 0);
include	app/InstallationProcess/AssignmentOrderSelectionSchemaValues.php	23	self::require($value !== '' && preg_match_all('/./us', $value) <= $max);
include	app/InstallationProcess/AssignmentOrderSelectionSchemaValues.php	27	self::require(preg_match('/^[0-9]{4}-[0-9]{2}-[0-9]{2}$/D', $value) === 1);
include	app/InstallationProcess/AssignmentOrderSelectionSchemaValues.php	28	self::require((int)substr($value, 0, 4) >= 1000 && checkdate((int)substr($value, 5, 2), (int)substr($value, 8, 2), (int)substr($value, 0, 4)));
include	app/InstallationProcess/AssignmentOrderSelectionSchemaValues.php	32	self::require(preg_match('/^[0-9]{4}-[0-9]{2}-[0-9]{2} [0-9]{2}:[0-9]{2}:[0-9]{2}\.[0-9]{6}$/D', $value) === 1);
include	app/InstallationProcess/AssignmentOrderSelectionSchemaValues.php	34	self::require((int)substr($value, 11, 2) <= 23 && (int)substr($value, 14, 2) <= 59 && (int)substr($value, 17, 2) <= 59);
include	app/InstallationProcess/AssignmentOrderSelectionSchemaValues.php	35	self::require(!$seconds || substr($value, -6) === '000000');
include	app/InstallationProcess/AssignmentOrderSelectionSchemaValues.php	40	self::require(strlen($value) <= 40 && preg_match('/^(\d{4}-\d{2}-\d{2}T\d{2}:\d{2}:\d{2})(\.\d+)?(Z|[+-]\d{2}:\d{2})$/D', $value, $m) === 1);
include	app/InstallationProcess/AssignmentOrderSelectionSchemaValues.php	44	public static function uuid(string $value): void { self::require(preg_match('/^[0-9a-f]{8}-[0-9a-f]{4}-[1-5][0-9a-f]{3}-[89ab][0-9a-f]{3}-[0-9a-f]{12}$/D', $value) === 1); }
sql-write-or-schema	app/InstallationProcess/AssignmentOrderSelectionUnknownEmploymentSchemaMigration.php	14	$check=$prefix.'fm2_aosm_ck_unknown';$sql="ALTER TABLE `{$table}` MODIFY employed_from_snapshot DATE NULL,ADD employment_proof_kind VARCHAR(20) CHARACTER SET ascii COLLATE ascii_bin NULL AFTER workforce_source_updated_at_snapshot,ADD author
sql-read	app/InstallationProcess/AssignmentOrderSelectionUnknownEmploymentSchemaMigration.php	36	{$s=$db->prepare('SELECT COLUMN_NAME,IS_NULLABLE,COLUMN_TYPE,COLLATION_NAME FROM information_schema.COLUMNS WHERE TABLE_SCHEMA=DATABASE() AND TABLE_NAME=? ORDER BY ORDINAL_POSITION');if(!$s||!$s->execute([$table]))throw new \RuntimeExceptio
sql-read	app/InstallationProcess/BitrixWorkforceHistorySchemaMigration.php	25	$databaseCollation = self::rows($connection, 'SELECT DEFAULT_COLLATION_NAME FROM information_schema.SCHEMATA WHERE SCHEMA_NAME=DATABASE()')[0]['DEFAULT_COLLATION_NAME'];
sql-write-or-schema	app/InstallationProcess/BitrixWorkforceHistorySchemaMigration.php	69	$connection->query("INSERT INTO `{$tables['fm2_workforce_sync_metadata']}` (singleton_id, last_successful_run_id, last_successful_at) VALUES (1, NULL, NULL)");
sql-read	app/InstallationProcess/BitrixWorkforceHistorySchemaMigration.php	104	$rows = self::rows($connection, "SELECT singleton_id FROM `{$table}` ORDER BY singleton_id");
sql-read	app/InstallationProcess/BitrixWorkforceHistorySchemaMigration.php	115	$databaseCollation = self::rows($connection, 'SELECT DEFAULT_COLLATION_NAME FROM information_schema.SCHEMATA WHERE SCHEMA_NAME=DATABASE()')[0]['DEFAULT_COLLATION_NAME'];
sql-read	app/InstallationProcess/BitrixWorkforceHistorySchemaMigration.php	120	$columns = self::rows($connection, "SELECT COLUMN_NAME,COLUMN_TYPE,IS_NULLABLE,EXTRA,COLUMN_DEFAULT,CHARACTER_SET_NAME,COLLATION_NAME FROM information_schema.COLUMNS WHERE TABLE_SCHEMA=DATABASE() AND TABLE_NAME='" . $connection->real_escape
sql-read	app/InstallationProcess/BitrixWorkforceHistorySchemaMigration.php	134	$indexes = self::rows($connection, "SELECT INDEX_NAME,NON_UNIQUE,INDEX_TYPE,GROUP_CONCAT(CONCAT(COLUMN_NAME,':',COALESCE(SUB_PART,'FULL'),':',COALESCE(COLLATION,'NULL'),':',COALESCE(IGNORED,'NO')) ORDER BY SEQ_IN_INDEX) COLUMNS FROM informa
sql-read	app/InstallationProcess/BitrixWorkforceHistorySchemaMigration.php	141	$checks = self::rows($connection, "SELECT tc.CONSTRAINT_NAME,cc.CHECK_CLAUSE FROM information_schema.TABLE_CONSTRAINTS tc JOIN information_schema.CHECK_CONSTRAINTS cc ON cc.CONSTRAINT_SCHEMA=tc.CONSTRAINT_SCHEMA AND cc.CONSTRAINT_NAME=tc.CO
sql-read	app/InstallationProcess/BitrixWorkforceHistorySchemaMigration.php	151	$foreignKeys = self::rows($connection, "SELECT k.CONSTRAINT_NAME,k.COLUMN_NAME,k.REFERENCED_TABLE_SCHEMA,k.REFERENCED_TABLE_NAME,k.REFERENCED_COLUMN_NAME,r.UPDATE_RULE,r.DELETE_RULE,DATABASE() CURRENT_SCHEMA FROM information_schema.KEY_COLU
sql-write-or-schema	app/InstallationProcess/BitrixWorkforceHistorySchemaMigration.php	284	$connection->query("CREATE TABLE `{$table}` (run_id CHAR(36) NOT NULL,status VARCHAR(20) NOT NULL,started_at VARCHAR(40) NOT NULL,observed_at VARCHAR(40) NULL,completed_at VARCHAR(40) NULL,failure_code VARCHAR(80) NULL,page_count INT UNSIGN
sql-write-or-schema	app/InstallationProcess/BitrixWorkforceHistorySchemaMigration.php	293	$connection->query("CREATE TABLE `{$table}` (id BIGINT UNSIGNED NOT NULL AUTO_INCREMENT,sync_run_id CHAR(36) NOT NULL,delivery_person_id BIGINT UNSIGNED NOT NULL,employee_number BIGINT UNSIGNED NOT NULL,full_name VARCHAR(300) NOT NULL,posit
sql-write-or-schema	app/InstallationProcess/BitrixWorkforceHistorySchemaMigration.php	300	$connection->query("CREATE TABLE `{$table}` (singleton_id TINYINT UNSIGNED NOT NULL,last_successful_run_id CHAR(36) NULL,last_successful_at VARCHAR(40) NULL,PRIMARY KEY (singleton_id),KEY `{$runForeignKey}` (last_successful_run_id),CONSTRAI
sql-read	app/InstallationProcess/BitrixWorkforceHistorySchemaMigration.php	306	$sourceCheck = self::rows($connection, "SELECT CONSTRAINT_NAME FROM information_schema.TABLE_CONSTRAINTS WHERE CONSTRAINT_SCHEMA=DATABASE() AND TABLE_NAME='{$escapedTable}' AND CONSTRAINT_TYPE='CHECK'")[0]['CONSTRAINT_NAME'];
sql-write-or-schema	app/InstallationProcess/BitrixWorkforceHistorySchemaMigration.php	311	$connection->query("ALTER TABLE `{$table}` DROP INDEX employment_status,DROP CONSTRAINT `{$sourceCheck}`,ADD COLUMN delivery_system VARCHAR(40) NULL,ADD COLUMN delivery_person_id BIGINT UNSIGNED NULL,ADD COLUMN dismissal_effective_at DATE N
sql-write-or-schema	app/InstallationProcess/ChecklistTemplateSchemaMigration.php	86	'ddl' => "CREATE TABLE `{$snapshots}`(id BIGINT UNSIGNED NOT NULL AUTO_INCREMENT,snapshot_version VARCHAR(80) NOT NULL,captured_at DATETIME NOT NULL,valid_from DATETIME NOT NULL,validity_scope VARCHAR(120) NOT NULL,source_label VARCHAR(160)
sql-write-or-schema	app/InstallationProcess/ChecklistTemplateSchemaMigration.php	93	'ddl' => "CREATE TABLE `{$associations}`(id BIGINT UNSIGNED NOT NULL AUTO_INCREMENT,association_version VARCHAR(80) NOT NULL,subject_kind VARCHAR(40) NOT NULL,subject_id VARCHAR(160) NOT NULL,effective_at DATETIME NOT NULL,template_snapshot
sql-read	app/InstallationProcess/ChecklistTemplateSchemaMigration.php	109	$columns = $connection->query("SELECT COLUMN_NAME,COLUMN_TYPE,IS_NULLABLE,COLUMN_DEFAULT,EXTRA,IS_GENERATED,GENERATION_EXPRESSION,CHARACTER_SET_NAME,COLLATION_NAME FROM information_schema.COLUMNS WHERE TABLE_SCHEMA=DATABASE() AND TABLE_NAME
sql-read	app/InstallationProcess/ChecklistTemplateSchemaMigration.php	120	$indexes = $connection->query("SELECT INDEX_NAME,NON_UNIQUE,INDEX_TYPE,GROUP_CONCAT(COLUMN_NAME ORDER BY SEQ_IN_INDEX) COLUMNS FROM information_schema.STATISTICS WHERE TABLE_SCHEMA=DATABASE() AND TABLE_NAME='{$escaped}' GROUP BY INDEX_NAME,
sql-read	app/InstallationProcess/ChecklistTemplateSchemaMigration.php	128	$constraints = $connection->query("SELECT CONSTRAINT_NAME,CONSTRAINT_TYPE FROM information_schema.TABLE_CONSTRAINTS WHERE CONSTRAINT_SCHEMA=DATABASE() AND TABLE_NAME='{$escaped}' AND CONSTRAINT_TYPE IN ('FOREIGN KEY','CHECK')")->fetch_all(M
sql-write-or-schema	app/InstallationProcess/ClassificationProvenanceDefinitionSchemaMigration.php	18	'ddl' => "CREATE TABLE `{$table}`("
sql-read	app/InstallationProcess/IdentityAccessDefinitionSchemaMigration.php	33	$defaults = $connection->query('SELECT DEFAULT_CHARACTER_SET_NAME,DEFAULT_COLLATION_NAME FROM information_schema.SCHEMATA WHERE SCHEMA_NAME=DATABASE()')->fetch_assoc();
sql-read	app/InstallationProcess/IdentityAccessDefinitionSchemaMigration.php	41	$exact = $connection->query("SELECT COUNT(*) AS n FROM information_schema.COLLATIONS WHERE COLLATION_NAME='{$escapedCollation}' AND CHARACTER_SET_NAME='utf8mb4'")->fetch_assoc();
sql-read	app/InstallationProcess/IdentityAccessDefinitionSchemaMigration.php	46	$aliasRow = $connection->query("SELECT COUNT(*) AS n FROM information_schema.COLLATIONS WHERE COLLATION_NAME='{$escapedAlias}' AND CHARACTER_SET_NAME IS NULL")->fetch_assoc();
sql-read	app/InstallationProcess/IdentityAccessDefinitionSchemaMigration.php	54	$connection->query("SELECT _utf8mb4'identity-access-collation-trial' COLLATE `{$collation}`")->fetch_assoc();
sql-read	app/InstallationProcess/IdentityAccessDefinitionSchemaMigration.php	68	$columns = $connection->query("SELECT COLUMN_NAME,COLUMN_TYPE,IS_NULLABLE,COLUMN_DEFAULT,EXTRA,CHARACTER_SET_NAME,COLLATION_NAME FROM information_schema.COLUMNS WHERE TABLE_SCHEMA=DATABASE() AND TABLE_NAME='{$escaped}' ORDER BY ORDINAL_POSI
sql-read	app/InstallationProcess/IdentityAccessDefinitionSchemaMigration.php	77	$indexes = $connection->query("SELECT NON_UNIQUE,INDEX_NAME,SEQ_IN_INDEX,COLUMN_NAME,INDEX_TYPE FROM information_schema.STATISTICS WHERE TABLE_SCHEMA=DATABASE() AND TABLE_NAME='{$escaped}' ORDER BY INDEX_NAME,SEQ_IN_INDEX")->fetch_all(MYSQL
sql-read	app/InstallationProcess/IdentityAccessDefinitionSchemaMigration.php	81	$foreignKeys = $connection->query("SELECT k.CONSTRAINT_NAME,k.COLUMN_NAME,k.REFERENCED_TABLE_NAME,k.REFERENCED_COLUMN_NAME,r.DELETE_RULE,r.UPDATE_RULE FROM information_schema.KEY_COLUMN_USAGE k JOIN information_schema.REFERENTIAL_CONSTRAINT
sql-write-or-schema	app/InstallationProcess/IdentityAccessDefinitionSchemaMigration.php	90	'fm2_pilot_users' => "CREATE TABLE `{$prefix}fm2_pilot_users`(user_id BIGINT UNSIGNED NOT NULL AUTO_INCREMENT,full_name VARCHAR(300) NOT NULL,email VARCHAR(254) NOT NULL,phone VARCHAR(100) NOT NULL DEFAULT '',status TINYINT(1) NOT NULL DEFA
sql-write-or-schema	app/InstallationProcess/IdentityAccessDefinitionSchemaMigration.php	91	'fm2_pilot_roles' => "CREATE TABLE `{$prefix}fm2_pilot_roles`(role_id BIGINT UNSIGNED NOT NULL AUTO_INCREMENT,code VARCHAR(64) NOT NULL,name VARCHAR(300) NOT NULL,description VARCHAR(500) NOT NULL,status TINYINT(1) NOT NULL,source_updated_a
sql-write-or-schema	app/InstallationProcess/IdentityAccessDefinitionSchemaMigration.php	92	'fm2_pilot_role_permissions' => "CREATE TABLE `{$prefix}fm2_pilot_role_permissions`(role_id BIGINT UNSIGNED NOT NULL,permission VARCHAR(100) NOT NULL,PRIMARY KEY(role_id,permission),CONSTRAINT `{$fk('fk_ia_role_permissions_role','ia_rp_role
sql-write-or-schema	app/InstallationProcess/IdentityAccessDefinitionSchemaMigration.php	93	'fm2_pilot_user_roles' => "CREATE TABLE `{$prefix}fm2_pilot_user_roles`(user_id BIGINT UNSIGNED NOT NULL,role_id BIGINT UNSIGNED NOT NULL,origin VARCHAR(40) NOT NULL,assigned_at VARCHAR(40) NOT NULL,assigned_by_user_id BIGINT UNSIGNED NULL 
sql-write-or-schema	app/InstallationProcess/IdentityAccessDefinitionSchemaMigration.php	94	'fm2_pilot_auth_credentials' => "CREATE TABLE `{$prefix}fm2_pilot_auth_credentials`(user_id BIGINT UNSIGNED NOT NULL,email_normalized VARCHAR(254) NOT NULL,password_hash VARCHAR(255) NULL DEFAULT NULL,password_set_at VARCHAR(40) NULL DEFAUL
sql-write-or-schema	app/InstallationProcess/IdentityAccessDefinitionSchemaMigration.php	95	'fm2_pilot_invitations' => "CREATE TABLE `{$prefix}fm2_pilot_invitations`(id BIGINT UNSIGNED NOT NULL AUTO_INCREMENT,user_id BIGINT UNSIGNED NOT NULL,token_hash BINARY(32) NOT NULL,expires_at DATETIME(6) NOT NULL,used_at DATETIME(6) NULL DE
sql-write-or-schema	app/InstallationProcess/IdentityAccessDefinitionSchemaMigration.php	96	'fm2_pilot_user_role_events' => "CREATE TABLE `{$prefix}fm2_pilot_user_role_events`(id BIGINT UNSIGNED NOT NULL AUTO_INCREMENT,user_id BIGINT UNSIGNED NOT NULL,role_id BIGINT UNSIGNED NOT NULL,action VARCHAR(40) NOT NULL,occurred_at VARCHAR
sql-write-or-schema	app/InstallationProcess/IdentityAccessDefinitionSchemaMigration.php	97	'fm2_pilot_auth_attempts' => "CREATE TABLE `{$prefix}fm2_pilot_auth_attempts`(id BIGINT UNSIGNED NOT NULL AUTO_INCREMENT,email_normalized VARCHAR(254) NOT NULL,succeeded TINYINT(1) NOT NULL,attempted_at DATETIME(6) NOT NULL,PRIMARY KEY(id),
sql-write-or-schema	app/InstallationProcess/IdentityAccessDefinitionSchemaMigration.php	98	'fm2_pilot_user_status_events' => "CREATE TABLE `{$prefix}fm2_pilot_user_status_events`(id BIGINT UNSIGNED NOT NULL AUTO_INCREMENT,user_id BIGINT UNSIGNED NOT NULL,action VARCHAR(40) NOT NULL,occurred_at VARCHAR(40) NOT NULL,actor_user_id B
sql-write-or-schema	app/InstallationProcess/IdentityAccessSchemaMigration.php	46	$connection->query("DROP TABLE IF EXISTS `{$tablePrefix}{$logicalName}`");
sql-write-or-schema	app/InstallationProcess/InspectionEvidenceDefinitionSchemaMigration.php	77	'ddl' => "CREATE TABLE {$table}("
sql-write-or-schema	app/InstallationProcess/InspectionEvidenceDefinitionSchemaMigration.php	118	$ddl = "CREATE TABLE {$table}(id BIGINT UNSIGNED NOT NULL AUTO_INCREMENT,"
sql-write-or-schema	app/InstallationProcess/InspectionEvidenceOperationDefinitionSchemaMigration.php	43	$ddl = "CREATE TABLE {$table}(id BIGINT UNSIGNED NOT NULL AUTO_INCREMENT,"
sql-write-or-schema	app/InstallationProcess/InspectionEvidenceOperationDefinitionSchemaMigration.php	58	$upgrade = "ALTER TABLE {$table} ADD COLUMN template_snapshot_id BIGINT UNSIGNED NULL,"
sql-write-or-schema	app/InstallationProcess/InspectionEvidenceOperationDefinitionSchemaMigration.php	92	$ddl = "CREATE TABLE {$table}(client_operation_id CHAR(36){$character} NOT NULL,"
sql-write-or-schema	app/InstallationProcess/InspectionEvidenceOperationDefinitionSchemaMigration.php	106	$add = "ALTER TABLE {$table} ADD COLUMN assignment_source VARCHAR(40){$character} "
sql-write-or-schema	app/InstallationProcess/InspectionEvidenceOperationDefinitionSchemaMigration.php	108	$dropDefault = "ALTER TABLE {$table} ALTER COLUMN assignment_source DROP DEFAULT";
sql-write-or-schema	app/InstallationProcess/InspectionPhotoContentIndexSchemaMigration.php	14	$db->query('ALTER TABLE `'.$table.'` DROP INDEX installation_case_id,ADD KEY installation_case_id(installation_case_id,section_id,sha256)');
sql-write-or-schema	app/InstallationProcess/InspectionPlanningDefinitionSchemaMigration.php	77	return 'CREATE TABLE `' . $table . '`(' . implode(',', $parts)
include	app/InstallationProcess/InspectionPlanningSchemaMigration.php	7	require_once __DIR__ . '/DatabaseUnavailable.php';
include	app/InstallationProcess/InspectionPlanningSchemaMigration.php	8	require_once __DIR__ . '/IdentityAccessDefinitionSchemaMigration.php';
include	app/InstallationProcess/InspectionPlanningSchemaMigration.php	9	require_once __DIR__ . '/MariaDbSchemaInspector.php';
include	app/InstallationProcess/InspectionPlanningSchemaMigration.php	10	require_once __DIR__ . '/InspectionPlanningDefinitionSchemaMigration.php';
include	app/InstallationProcess/InspectionPlanningSchemaMigration.php	11	require_once __DIR__ . '/MariaDbInspectionPlanningSchemaFingerprint.php';
sql-read	app/InstallationProcess/InstallationCompletionDefinitionSchemaMigration.php	29	'SELECT @@SESSION.FOREIGN_KEY_CHECKS value',
sql-write-or-schema	app/InstallationProcess/InstallationCompletionDefinitionSchemaMigration.php	34	'ALTER TABLE `' . $table . '` DROP INDEX `'
sql-write-or-schema	app/InstallationProcess/InstallationCompletionDefinitionSchemaMigration.php	119	return 'CREATE TABLE `' . $table . '`(' . implode(',', $parts)
sql-write-or-schema	app/InstallationProcess/InstallationCompletionDetailsSchemaMigration.php	13	$db->query("ALTER TABLE `{$table}` ADD details VARCHAR(500) NULL AFTER fact_date");
sql-write-or-schema	app/InstallationProcess/JobsDefinitionSchemaMigration.php	28	foreach($definition['foreignKeys'] as $fk)$parts[]='CONSTRAINT `'.str_replace('@prefix',$prefix,$fk['name']).'` FOREIGN KEY'.$columns($fk['columns']).' REFERENCES `'.$prefix.$fk['target'].'`'.$columns($fk['referenced']).' ON UPDATE '.$fk['u
sql-write-or-schema	app/InstallationProcess/JobsDefinitionSchemaMigration.php	30	return 'CREATE TABLE `'.$prefix.$name.'`('.implode(',',$parts).') ENGINE='.$definition['engine'].' DEFAULT CHARSET=utf8mb4 COLLATE '.$definition['collation'];
sql-read	app/InstallationProcess/JobsSchemaMigration.php	11	if((int)$db->query('SELECT @@in_transaction')->fetch_column()!==0)throw new \RuntimeException('JOBS_SCHEMA_TRANSACTION_ACTIVE');
sql-read	app/InstallationProcess/MariaDbAssignmentOrderIdentityRegistryCatalog.php	9	$row=MariaDbAssignmentOrderIdentityRegistrySql::one($db,'SELECT DEFAULT_CHARACTER_SET_NAME c,DEFAULT_COLLATION_NAME v FROM information_schema.SCHEMATA WHERE SCHEMA_NAME=DATABASE()');
sql-read	app/InstallationProcess/MariaDbAssignmentOrderIdentityRegistryCatalog.php	16	return MariaDbAssignmentOrderIdentityRegistrySql::rows($db,'SELECT 1 FROM information_schema.TABLES WHERE TABLE_SCHEMA=DATABASE() AND TABLE_NAME=?',[$table])!==[];
sql-read	app/InstallationProcess/MariaDbAssignmentOrderIdentityRegistryCatalog.php	21	$row=MariaDbAssignmentOrderIdentityRegistrySql::one($db,'SELECT CAST(AUTO_INCREMENT AS CHAR) n FROM information_schema.TABLES WHERE TABLE_SCHEMA=DATABASE() AND TABLE_NAME=?',[$table]);
sql-read	app/InstallationProcess/MariaDbAssignmentOrderIdentityRegistryCatalog.php	28	$properties=MariaDbAssignmentOrderIdentityRegistrySql::rows($db,'SELECT ENGINE,TABLE_COLLATION FROM information_schema.TABLES WHERE TABLE_SCHEMA=DATABASE() AND TABLE_NAME=?',[$table]);
sql-read	app/InstallationProcess/MariaDbAssignmentOrderIdentityRegistryCatalog.php	30	$actual=MariaDbAssignmentOrderIdentityRegistrySql::rows($db,'SELECT COLUMN_NAME,COLUMN_TYPE,IS_NULLABLE,EXTRA,CHARACTER_SET_NAME,COLLATION_NAME,COLUMN_DEFAULT FROM information_schema.COLUMNS WHERE TABLE_SCHEMA=DATABASE() AND TABLE_NAME=? OR
sql-read	app/InstallationProcess/MariaDbAssignmentOrderIdentityRegistryCatalog.php	45	foreach (MariaDbAssignmentOrderIdentityRegistrySql::rows($db,'SELECT CONSTRAINT_NAME,CHECK_CLAUSE FROM information_schema.CHECK_CONSTRAINTS WHERE CONSTRAINT_SCHEMA=DATABASE() AND TABLE_NAME=?',[$table]) as $row) {
sql-read	app/InstallationProcess/MariaDbAssignmentOrderIdentityRegistryCatalog.php	52	$database=MariaDbAssignmentOrderIdentityRegistrySql::one($db,'SELECT DATABASE() n')['n'];
sql-read	app/InstallationProcess/MariaDbAssignmentOrderIdentityRegistryCatalog.php	56	return (string)MariaDbAssignmentOrderIdentityRegistrySql::one($db,'SELECT COUNT(*) n FROM information_schema.TRIGGERS WHERE TRIGGER_SCHEMA=DATABASE() AND EVENT_OBJECT_TABLE=?',[$table])['n']==='0';
sql-read	app/InstallationProcess/MariaDbAssignmentOrderIdentityRegistryCatalog.php	61	$rows=MariaDbAssignmentOrderIdentityRegistrySql::rows($db,'SELECT k.CONSTRAINT_NAME,k.COLUMN_NAME,k.REFERENCED_TABLE_SCHEMA,k.REFERENCED_TABLE_NAME,k.REFERENCED_COLUMN_NAME,r.UPDATE_RULE,r.DELETE_RULE FROM information_schema.KEY_COLUMN_USAG
sql-read	app/InstallationProcess/MariaDbAssignmentOrderIdentityRegistryCatalog.php	64	$visible=MariaDbAssignmentOrderIdentityRegistrySql::one($db,'SELECT COUNT(*) n FROM information_schema.KEY_COLUMN_USAGE WHERE TABLE_SCHEMA=DATABASE() AND TABLE_NAME=? AND REFERENCED_TABLE_NAME IS NOT NULL',[$table]);
sql-read	app/InstallationProcess/MariaDbAssignmentOrderIdentityRegistryHistory.php	16	foreach (MariaDbAssignmentOrderIdentityRegistrySql::rows($db,"SELECT CAST(assignment_order_id AS CHAR) id,CAST(installation_case_id AS CHAR) case_id,CAST(order_version AS CHAR) version,source_kind,allocated_at_utc FROM `{$prefix}fm2_assignm
sql-read	app/InstallationProcess/MariaDbAssignmentOrderIdentityRegistryHistory.php	24	$rows=MariaDbAssignmentOrderIdentityRegistrySql::rows($db,"SELECT * FROM `{$prefix}fm2_assignment_order_id_receipts`");
sql-read	app/InstallationProcess/MariaDbAssignmentOrderIdentityRegistryPlan.php	24	&& (string)MariaDbAssignmentOrderIdentityRegistrySql::one($db,"SELECT COUNT(*) n FROM `{$prefix}fm2_assignment_order_id_receipts`")['n']!=='0') {
sql-read	app/InstallationProcess/MariaDbAssignmentOrderIdentityRegistryPlan.php	28	if ($registryExists && (string)MariaDbAssignmentOrderIdentityRegistrySql::one($db,"SELECT COUNT(*) n FROM `{$prefix}fm2_assignment_order_identities`")['n']!=='0') { return false; }
sql-read	app/InstallationProcess/MariaDbAssignmentOrderIdentityRegistrySource.php	10	"SELECT CAST(o.id AS CHAR) id,CAST(o.installation_case_id AS CHAR) case_id,CAST(o.version_no AS CHAR) version,o.prepared_at,CAST(c.id AS CHAR) actual_case FROM `{$prefix}fm2_assignment_orders` o LEFT JOIN `{$prefix}fm2_installation_cases` c
sql-read	app/InstallationProcess/MariaDbAssignmentOrderIdentityRegistrySourceShape.php	29	$database=MariaDbAssignmentOrderIdentityRegistrySql::one($db,'SELECT DATABASE() n')['n'];
sql-read	app/InstallationProcess/MariaDbAssignmentOrderOriginalVerificationFixture.php	5	private static function run(\mysqli$d,string$p,bool$seed):void{try{if(strlen($p)>25||preg_match('/^[A-Za-z0-9_]*$/D',$p)!==1)throw new AssignmentOrderOriginalVerificationFixtureUnavailable();$d->query('SET TRANSACTION ISOLATION LEVEL SERIAL
sql-read	app/InstallationProcess/MariaDbAssignmentOrderOriginalVerificationFixture.php	6	private static function validate(\mysqli$d,string$p,bool$seed):int{$families=self::families($p);$present=0;$expected=0;foreach($families as[$table,$where,$exact,$count]){$rows=(int)$d->query("SELECT COUNT(*) n FROM `{$table}` WHERE {$where}
sql-write-or-schema	app/InstallationProcess/MariaDbAssignmentOrderOriginalVerificationFixture.php	18	private static function seed(\mysqli$d,string$p):void{$q=["INSERT INTO `{$p}fm2_pilot_users`(user_id,full_name,email,phone,status,activation_state,session_version,source_updated_at)VALUES(18,'Тестовый Оператор ФКР','test-fkr@example.invalid
sql-write-or-schema	app/InstallationProcess/MariaDbAssignmentOrderOriginalVerificationFixture.php	19	private static function clean(\mysqli$d,string$p):void{$q=["DELETE FROM `{$p}fm2_process_tasks` WHERE id=9001","DELETE FROM `{$p}fm2_order_installers` WHERE assignment_order_id=81","DELETE FROM `{$p}fm2_assignment_orders` WHERE id=81","DELE
sql-read	app/InstallationProcess/MariaDbAssignmentOrderSelectionSchemaCatalog.php	12	$prefix=substr($table,0,-strlen($suffix));$columns=MariaDbAssignmentOrderSelectionSchemaSql::rows($db,'SELECT COLUMN_NAME,IS_NULLABLE FROM information_schema.COLUMNS WHERE TABLE_SCHEMA=DATABASE() AND TABLE_NAME=?',[$table]);
sql-read	app/InstallationProcess/MariaDbAssignmentOrderSelectionSchemaCatalog.php	15	$properties = MariaDbAssignmentOrderSelectionSchemaSql::rows($db, 'SELECT ENGINE,TABLE_COLLATION,TABLE_TYPE FROM information_schema.TABLES WHERE TABLE_SCHEMA=DATABASE() AND TABLE_NAME=?', [$table]);
include	app/InstallationProcess/MariaDbAssignmentOrderSelectionSchemaCatalog.php	17	AssignmentOrderSelectionSchemaValues::require($properties === [['ENGINE' => 'InnoDB','TABLE_COLLATION' => $collation,'TABLE_TYPE' => 'BASE TABLE']]);
sql-read	app/InstallationProcess/MariaDbAssignmentOrderSelectionSchemaCatalog.php	18	$columns = MariaDbAssignmentOrderSelectionSchemaSql::rows($db, 'SELECT COLUMN_NAME,COLUMN_TYPE,IS_NULLABLE,COLUMN_DEFAULT,EXTRA,CHARACTER_SET_NAME,COLLATION_NAME,GENERATION_EXPRESSION FROM information_schema.COLUMNS WHERE TABLE_SCHEMA=DATAB
include	app/InstallationProcess/MariaDbAssignmentOrderSelectionSchemaCatalog.php	22	AssignmentOrderSelectionSchemaValues::require($row['GENERATION_EXPRESSION'] === null || $row['GENERATION_EXPRESSION'] === '');
include	app/InstallationProcess/MariaDbAssignmentOrderSelectionSchemaCatalog.php	29	AssignmentOrderSelectionSchemaValues::require($actual === $expected['columns']);
sql-read	app/InstallationProcess/MariaDbAssignmentOrderSelectionSchemaCatalog.php	33	foreach (MariaDbAssignmentOrderSelectionSchemaSql::rows($db, 'SELECT CONSTRAINT_NAME,CHECK_CLAUSE FROM information_schema.CHECK_CONSTRAINTS WHERE CONSTRAINT_SCHEMA=DATABASE() AND TABLE_NAME=?', [$table]) as $row) {
include	app/InstallationProcess/MariaDbAssignmentOrderSelectionSchemaCatalog.php	38	AssignmentOrderSelectionSchemaValues::require($actual === $checks);
sql-read	app/InstallationProcess/MariaDbAssignmentOrderSelectionSchemaCatalog.php	39	AssignmentOrderSelectionSchemaValues::require((string)MariaDbAssignmentOrderSelectionSchemaSql::one($db, 'SELECT COUNT(*) n FROM information_schema.TRIGGERS WHERE TRIGGER_SCHEMA=DATABASE() AND EVENT_OBJECT_TABLE=?', [$table])['n'] === '0');
include	app/InstallationProcess/MariaDbAssignmentOrderSelectionSchemaCatalog.php	39	AssignmentOrderSelectionSchemaValues::require((string)MariaDbAssignmentOrderSelectionSchemaSql::one($db, 'SELECT COUNT(*) n FROM information_schema.TRIGGERS WHERE TRIGGER_SCHEMA=DATABASE() AND EVENT_OBJECT_TABLE=?', [$table])['n'] === '0');
sql-read	app/InstallationProcess/MariaDbAssignmentOrderSelectionSchemaCatalog.php	47	$rows = MariaDbAssignmentOrderSelectionSchemaSql::rows($db, 'SELECT INDEX_NAME,NON_UNIQUE,COLUMN_NAME,SUB_PART,COLLATION,IGNORED,INDEX_TYPE FROM information_schema.STATISTICS WHERE TABLE_SCHEMA=DATABASE() AND TABLE_NAME=? ORDER BY BINARY IN
include	app/InstallationProcess/MariaDbAssignmentOrderSelectionSchemaCatalog.php	49	AssignmentOrderSelectionSchemaValues::require($row['SUB_PART'] === null && $row['COLLATION'] === 'A' && $row['IGNORED'] === 'NO' && $row['INDEX_TYPE'] === 'BTREE');
include	app/InstallationProcess/MariaDbAssignmentOrderSelectionSchemaCatalog.php	55	AssignmentOrderSelectionSchemaValues::require(array_values($actual) === $expected);
sql-read	app/InstallationProcess/MariaDbAssignmentOrderSelectionSchemaCatalog.php	60	$rows = MariaDbAssignmentOrderSelectionSchemaSql::rows($db, 'SELECT k.CONSTRAINT_NAME,k.COLUMN_NAME,k.REFERENCED_TABLE_SCHEMA,k.REFERENCED_TABLE_NAME,k.REFERENCED_COLUMN_NAME,r.UPDATE_RULE,r.DELETE_RULE FROM information_schema.KEY_COLUMN_US
sql-read	app/InstallationProcess/MariaDbAssignmentOrderSelectionSchemaCatalog.php	61	$visible = MariaDbAssignmentOrderSelectionSchemaSql::one($db, 'SELECT COUNT(*) n FROM information_schema.KEY_COLUMN_USAGE WHERE TABLE_SCHEMA=DATABASE() AND TABLE_NAME=? AND REFERENCED_TABLE_NAME IS NOT NULL', [$table]);
sql-read	app/InstallationProcess/MariaDbAssignmentOrderSelectionSchemaCatalog.php	63	$database = MariaDbAssignmentOrderSelectionSchemaSql::one($db, 'SELECT DATABASE() n')['n']; $actual = [];
include	app/InstallationProcess/MariaDbAssignmentOrderSelectionSchemaCatalog.php	66	AssignmentOrderSelectionSchemaValues::require($row['REFERENCED_TABLE_SCHEMA'] === $database);
include	app/InstallationProcess/MariaDbAssignmentOrderSelectionSchemaCatalog.php	71	AssignmentOrderSelectionSchemaValues::require(array_values($actual) === $expected);
sql-read	app/InstallationProcess/MariaDbAssignmentOrderSelectionSchemaProof.php	28	$registry = MariaDbAssignmentOrderSelectionSchemaSql::rows($db, "SELECT * FROM `{$prefix}fm2_assignment_order_identities` ORDER BY assignment_order_id");
include	app/InstallationProcess/MariaDbAssignmentOrderSelectionSchemaProof.php	34	AssignmentOrderSelectionSchemaValues::require(!$missing);
include	app/InstallationProcess/MariaDbAssignmentOrderSelectionSchemaProof.php	39	foreach ($rows as $data) { AssignmentOrderSelectionSchemaValues::require($data === []); }
include	app/InstallationProcess/MariaDbAssignmentOrderSelectionSchemaProof.php	40	foreach ($registry as $identity) { AssignmentOrderSelectionSchemaValues::require($identity['source_kind'] !== 'selection'); }
sql-read	app/InstallationProcess/MariaDbAssignmentOrderSelectionSchemaProof.php	45	foreach (MariaDbAssignmentOrderSelectionSchemaSql::rows($db, "SELECT id,legacy_installation_object_id FROM `{$prefix}fm2_installation_cases` ORDER BY id") as $row) {
sql-read	app/InstallationProcess/MariaDbAssignmentOrderSelectionSchemaRows.php	10	$rows = MariaDbAssignmentOrderSelectionSchemaSql::rows($db, 'SELECT * FROM `' . $table['name'] . '` ORDER BY `' . implode('`,`', $primary) . '`');
include	app/InstallationProcess/MariaDbAssignmentOrderSelectionSchemaRows.php	15	if ($value === null) { AssignmentOrderSelectionSchemaValues::require($column['nullable']); continue; }
include	app/InstallationProcess/MariaDbAssignmentOrderSelectionSchemaRows.php	20	if ($key === 'retryable') { AssignmentOrderSelectionSchemaValues::require($value === '0'); }
sql-read	app/InstallationProcess/MariaDbAssignmentOrderSelectionSchemaRows.php	30	$next = AssignmentOrderSelectionSchemaValues::decimal(MariaDbAssignmentOrderSelectionSchemaSql::one($db, 'SELECT CAST(AUTO_INCREMENT AS CHAR) n FROM information_schema.TABLES WHERE TABLE_SCHEMA=DATABASE() AND TABLE_NAME=?', [$table['name']]
include	app/InstallationProcess/MariaDbAssignmentOrderSelectionSchemaRows.php	31	AssignmentOrderSelectionSchemaValues::require(AssignmentOrderIdentityRegistryValues::compare($next, $max) > 0);
sql-read	app/InstallationProcess/MariaDbAssignmentOrderSelectionSchemaSql.php	31	try { $row = self::one($db, 'SELECT @@in_transaction active,DATABASE() db,@@character_set_connection charset,@@tx_isolation isolation_level'); }
sql-read	app/InstallationProcess/MariaDbClassificationProvenanceSchemaFingerprint.php	20	'SELECT COLUMN_NAME,COLUMN_TYPE,IS_NULLABLE,COLUMN_DEFAULT,EXTRA,IS_GENERATED,'
sql-read	app/InstallationProcess/MariaDbClassificationProvenanceSchemaFingerprint.php	38	'SELECT INDEX_NAME,NON_UNIQUE,SEQ_IN_INDEX,COLUMN_NAME,SUB_PART,COLLATION,INDEX_TYPE,IGNORED '
sql-read	app/InstallationProcess/MariaDbClassificationProvenanceSchemaFingerprint.php	71	"SELECT CONSTRAINT_NAME FROM information_schema.TABLE_CONSTRAINTS WHERE CONSTRAINT_SCHEMA=DATABASE() "
sql-read	app/InstallationProcess/MariaDbExactSchemaFingerprint.php	14	"SELECT ENGINE,TABLE_COLLATION FROM information_schema.TABLES WHERE TABLE_SCHEMA=DATABASE() AND TABLE_NAME='{$escaped}'",
sql-read	app/InstallationProcess/MariaDbExactSchemaFingerprint.php	21	'SELECT COLUMN_NAME,COLUMN_TYPE,IS_NULLABLE,COLUMN_DEFAULT,EXTRA,IS_GENERATED,'
sql-read	app/InstallationProcess/MariaDbExactSchemaFingerprint.php	29	'SELECT INDEX_NAME,NON_UNIQUE,SEQ_IN_INDEX,COLUMN_NAME,SUB_PART,COLLATION,INDEX_TYPE,IGNORED '
sql-read	app/InstallationProcess/MariaDbExactSchemaFingerprint.php	41	"SELECT CONSTRAINT_NAME FROM information_schema.TABLE_CONSTRAINTS WHERE CONSTRAINT_SCHEMA=DATABASE() AND TABLE_NAME='{$escaped}' AND CONSTRAINT_TYPE IN ('FOREIGN KEY','CHECK')",
sql-read	app/InstallationProcess/MariaDbInspectionPlanningSchemaFingerprint.php	47	$rows = $db->query('SELECT COLUMN_NAME,COLUMN_TYPE,IS_NULLABLE,COLUMN_DEFAULT,EXTRA,'
sql-read	app/InstallationProcess/MariaDbInspectionPlanningSchemaFingerprint.php	61	$rows = $db->query('SELECT INDEX_NAME,NON_UNIQUE,SEQ_IN_INDEX,COLUMN_NAME,SUB_PART,'
sql-read	app/InstallationProcess/MariaDbInspectionPlanningSchemaFingerprint.php	71	$rows = $db->query('SELECT tc.CONSTRAINT_TYPE,cc.CHECK_CLAUSE '
sql-write-or-schema	app/InstallationProcess/MariaDbInstallationCompletion.php	23	$s=$this->db->prepare('INSERT INTO '.$this->table('fm2_pilot_completion_facts').'(installation_case_id,fact_type,fact_date,details,recorded_at,recorded_by_user_id)VALUES(?,?,?,?,?,?)');
sql-read	app/InstallationProcess/MariaDbInstallationCompletion.php	35	$s=$this->db->prepare('SELECT id FROM '.$this->table('fm2_pilot_completion_facts').' WHERE id=? AND installation_case_id=? AND fact_type=? FOR UPDATE');
sql-read	app/InstallationProcess/MariaDbInstallationCompletion.php	37	$q=$this->db->prepare('SELECT id,version_no FROM '.$this->table('fm2_pilot_completion_fact_corrections').' WHERE root_fact_id=? ORDER BY version_no DESC LIMIT 1 FOR UPDATE');
sql-write-or-schema	app/InstallationProcess/MariaDbInstallationCompletion.php	40	$i=$this->db->prepare('INSERT INTO '.$this->table('fm2_pilot_completion_fact_corrections').'(root_fact_id,version_no,previous_correction_id,previous_version_no,fact_date,details,reason,recorded_at,recorded_by_user_id)VALUES(?,?,?,?,?,?,?,?,
sql-read	app/InstallationProcess/MariaDbInstallationCompletion.php	48	$sql='SELECT f.id,f.fact_type,COALESCE(c.fact_date,f.fact_date) fact_date,COALESCE((SELECT d.details FROM '.$this->table('fm2_pilot_completion_fact_corrections').' d WHERE d.root_fact_id=f.id AND d.details IS NOT NULL ORDER BY d.version_no 
sql-read	app/InstallationProcess/MariaDbInstallationCompletion.php	59	$s=$this->db->prepare('SELECT 1 FROM '.$this->table('fm2_pilot_users').' u JOIN '.$this->table('fm2_pilot_user_roles').' ur ON ur.user_id=u.user_id JOIN '.$this->table('fm2_pilot_roles').' r ON r.role_id=ur.role_id JOIN '.$this->table('fm2_
sql-read	app/InstallationProcess/MariaDbInstallationCompletion.php	64	$s=$this->db->prepare('SELECT id,process_state FROM '.$this->table('fm2_installation_cases').' WHERE legacy_installation_object_id=? LIMIT 2 FOR UPDATE');$s->bind_param('i',$object);$s->execute();$rows=$s->get_result()->fetch_all(MYSQLI_ASS
sql-read	app/InstallationProcess/MariaDbInstallationCompletionSchemaFingerprint.php	46	$rows = $db->query('SELECT COLUMN_NAME,COLUMN_TYPE,IS_NULLABLE,COLUMN_DEFAULT,EXTRA,'
sql-read	app/InstallationProcess/MariaDbInstallationCompletionSchemaFingerprint.php	58	$rows = $db->query('SELECT INDEX_NAME,NON_UNIQUE,SEQ_IN_INDEX,COLUMN_NAME,SUB_PART,COLLATION,'
sql-read	app/InstallationProcess/MariaDbInstallationCompletionSchemaFingerprint.php	68	$rows = $db->query('SELECT rc.CONSTRAINT_NAME,kcu.ORDINAL_POSITION,kcu.COLUMN_NAME,'
sql-read	app/InstallationProcess/MariaDbInstallationCompletionSchemaFingerprint.php	81	$rows = $db->query('SELECT cc.CHECK_CLAUSE FROM information_schema.TABLE_CONSTRAINTS tc '
sql-read	app/InstallationProcess/MariaDbInstallationProcessEnvironment.php	32	$statement = $this->connection->prepare("SELECT lock_version FROM {$this->tablePrefix}fm2_installation_cases WHERE legacy_installation_object_id=?");
sql-read	app/InstallationProcess/MariaDbInstallationProcessEnvironment.php	44	$statement = $this->connection->prepare("SELECT id,lock_version FROM {$this->tablePrefix}fm2_installation_cases WHERE legacy_installation_object_id=? FOR UPDATE");
sql-read	app/InstallationProcess/MariaDbInstallationProcessEnvironment.php	56	$statement = $this->connection->prepare("SELECT id,version_no,status FROM {$this->tablePrefix}fm2_assignment_orders WHERE installation_case_id=? ORDER BY version_no DESC LIMIT 1 FOR UPDATE");
sql-read	app/InstallationProcess/MariaDbInstallationProcessEnvironment.php	83	if((int)$order['version']>1){$statement=$this->connection->prepare("SELECT id FROM {$this->tablePrefix}fm2_assignment_orders WHERE installation_case_id=? AND version_no=? AND status='registered' FOR UPDATE");$previousVersion=(int)$order['ve
sql-write-or-schema	app/InstallationProcess/MariaDbInstallationProcessEnvironment.php	86	$statement=$this->connection->prepare("INSERT INTO {$this->tablePrefix}fm2_assignment_orders (installation_case_id,version_no,kind,status,registration_number,order_date,control_engineer_user_id,control_engineer_fio_snapshot,control_engineer
sql-write-or-schema	app/InstallationProcess/MariaDbInstallationProcessEnvironment.php	89	foreach($order['installers'] as $installer){$tabId=(string)$installer['tabId'];$name=(string)$installer['fullName'];$position=(string)$installer['position'];$status=(string)$installer['status'];$from=(string)$installer['employedFrom'];$to=$
sql-write-or-schema	app/InstallationProcess/MariaDbInstallationProcessEnvironment.php	90	foreach($order['artifacts'] as $artifact){$type=(string)$artifact['type'];$filename=(string)$artifact['filename'];$media=(string)$artifact['mediaType'];$size=(int)$artifact['size'];$sha=(string)$artifact['sha256'];$statement=$this->connecti
sql-write-or-schema	app/InstallationProcess/MariaDbInstallationProcessEnvironment.php	98	$statement=$this->connection->prepare("UPDATE {$this->tablePrefix}fm2_assignment_orders SET status=?,registration_number=?,registered_at=?,registration_actor_type=?,registration_actor_id=?,registration_source=?,external_registration_id=? WH
sql-read	app/InstallationProcess/MariaDbInstallationProcessEnvironment.php	105	$orderId=(int)$storedOrder['id'];$statement=$this->connection->prepare("SELECT installer_tab_id FROM {$this->tablePrefix}fm2_order_installers WHERE assignment_order_id=? LIMIT 1 FOR UPDATE");$statement->bind_param('i',$orderId);$statement->
sql-write-or-schema	app/InstallationProcess/MariaDbInstallationProcessEnvironment.php	110	$type=(string)$event['type'];$at=(string)$event['occurredAt'];$actor=(int)$event['actorId'];$payload=$this->json($event['payload']);$statement=$this->connection->prepare("INSERT INTO {$this->tablePrefix}fm2_process_events (installation_case
sql-write-or-schema	app/InstallationProcess/MariaDbInstallationProcessEnvironment.php	116	if($state==='working'){$date=(string)$process['actualStartDate'];$openedAt=(string)$process['openedAt'];$actor=(int)$process['openedByUserId'];$statement=$this->connection->prepare("UPDATE {$this->tablePrefix}fm2_installation_cases SET proc
sql-write-or-schema	app/InstallationProcess/MariaDbInstallationProcessEnvironment.php	117	else{$statement=$this->connection->prepare("UPDATE {$this->tablePrefix}fm2_installation_cases SET process_state=?,updated_at=?,lock_version=? WHERE id=?");$statement->bind_param('ssii',$state,$at,$next,$caseId);}
sql-read	app/InstallationProcess/MariaDbInstallationProcessEnvironment.php	123	$statement=$this->connection->prepare("SELECT id,process_state,actual_start_date,opened_at,opened_by_user_id FROM {$this->tablePrefix}fm2_installation_cases WHERE legacy_installation_object_id=?");
sql-read	app/InstallationProcess/MariaDbInstallationProcessEnvironment.php	127	$statement=$this->connection->prepare("SELECT * FROM {$this->tablePrefix}fm2_assignment_orders WHERE installation_case_id=? ORDER BY version_no");
sql-read	app/InstallationProcess/MariaDbInstallationProcessEnvironment.php	131	$s=$this->connection->prepare("SELECT * FROM {$this->tablePrefix}fm2_order_installers WHERE assignment_order_id=? ORDER BY installer_tab_id");
sql-read	app/InstallationProcess/MariaDbInstallationProcessEnvironment.php	137	$artifacts=[]; $s=$this->connection->prepare("SELECT artifact_type,filename,media_type,byte_size,sha256 FROM {$this->tablePrefix}fm2_order_artifacts WHERE assignment_order_id=? ORDER BY FIELD(artifact_type,'order','appendix'),artifact_type"
sql-read	app/InstallationProcess/MariaDbInstallationProcessEnvironment.php	153	$events=[]; $statement=$this->connection->prepare("SELECT event_type,occurred_at,actor_user_id,payload_json FROM {$this->tablePrefix}fm2_process_events WHERE installation_case_id=? ORDER BY id");
sql-read	app/InstallationProcess/MariaDbInstallationProcessEnvironment.php	171	$required=['fm2_active_case_provenance','fm2_legacy_active_baselines','fm2_checklist_template_snapshots','fm2_checklist_template_associations'];$names=array_map(fn(string $name):string=>$this->tablePrefix.$name,$required);$quoted=implode(',
sql-read	app/InstallationProcess/MariaDbInstallationProcessEnvironment.php	172	$sql="SELECT p.legacy_object_id,p.baseline_id,p.baseline_sha256,p.cutover_at,p.template_snapshot_id,p.template_snapshot_version,p.template_content_sha256,p.connector_version,b.legacy_object_id baseline_legacy_object_id,b.content_sha256 stor
sql-read	app/InstallationProcess/MariaDbInstallationProcessEnvironment.php	179	$statement=$this->connection->prepare("SELECT id FROM {$this->tablePrefix}fm2_installation_cases WHERE legacy_installation_object_id=?");
sql-read	app/InstallationProcess/MariaDbJobsSchemaFingerprint.php	35	$database=$db->query('SELECT DATABASE()')->fetch_column();$foreign=[];
sql-read	app/InstallationProcess/MariaDbJobsSchemaFingerprint.php	73	$sql="SELECT * FROM information_schema.{$family} WHERE {$schema}=DATABASE() AND {$column}=?";
sql-read	app/InstallationProcess/MariaDbLegacyInstallationObject.php	20	'SELECT id,ordadr_address,entrance,regnumber,workdatestart,workdateendadjusted,plan_finish_date,ptoactdate '
sql-read	app/InstallationProcess/MariaDbMigrationLock.php	13	$database = $connection->query('SELECT DATABASE()')->fetch_column();
sql-read	app/InstallationProcess/MariaDbMigrationLock.php	16	$statement = $connection->prepare('SELECT GET_LOCK(?, 0)');
sql-read	app/InstallationProcess/MariaDbMigrationLock.php	31	$statement = $connection->prepare('SELECT RELEASE_LOCK(?)');
sql-read	app/InstallationProcess/MariaDbObjectDetailSnapshotSchemaFingerprint.php	13	'SELECT ENGINE,TABLE_COLLATION,TABLE_TYPE FROM information_schema.TABLES'
sql-read	app/InstallationProcess/MariaDbObjectDetailSnapshotSchemaFingerprint.php	25	'SELECT COLUMN_NAME,COLUMN_TYPE,IS_NULLABLE,COLUMN_DEFAULT,EXTRA,GENERATION_EXPRESSION,CHARACTER_SET_NAME,COLLATION_NAME'
sql-read	app/InstallationProcess/MariaDbObjectDetailSnapshotSchemaFingerprint.php	40	'SELECT INDEX_NAME,NON_UNIQUE,SEQ_IN_INDEX,COLUMN_NAME,SUB_PART,COLLATION,INDEX_TYPE,IGNORED'
sql-read	app/InstallationProcess/MariaDbObjectDetailSnapshotSchemaFingerprint.php	49	"SELECT CONSTRAINT_TYPE FROM information_schema.TABLE_CONSTRAINTS WHERE CONSTRAINT_SCHEMA=DATABASE()"
sql-read	app/InstallationProcess/MariaDbOriginalAttemptAuditSchemaFingerprint.php	35	$indexes=self::rows($db,$prefix,"SELECT INDEX_NAME FROM information_schema.STATISTICS WHERE TABLE_SCHEMA=DATABASE() AND TABLE_NAME=? AND INDEX_NAME=? GROUP BY INDEX_NAME",[self::INDEX]);
sql-read	app/InstallationProcess/MariaDbOriginalAttemptAuditSchemaFingerprint.php	53	$indexes=self::rows($db,$prefix,"SELECT INDEX_NAME FROM information_schema.STATISTICS WHERE TABLE_SCHEMA=DATABASE() AND TABLE_NAME=? AND NON_UNIQUE=0 AND INDEX_NAME<>'PRIMARY' GROUP BY INDEX_NAME");
sql-read	app/InstallationProcess/MariaDbOriginalAttemptAuditSchemaFingerprint.php	54	$fks=self::rows($db,$prefix,'SELECT CONSTRAINT_NAME FROM information_schema.KEY_COLUMN_USAGE WHERE TABLE_SCHEMA=DATABASE() AND TABLE_NAME=? AND REFERENCED_TABLE_NAME IS NOT NULL');
sql-read	app/InstallationProcess/MariaDbOriginalAttemptAuditSchemaFingerprint.php	55	$checks=self::rows($db,$prefix,'SELECT CONSTRAINT_NAME,CHECK_CLAUSE FROM information_schema.CHECK_CONSTRAINTS WHERE CONSTRAINT_SCHEMA=DATABASE() AND TABLE_NAME=?');
sql-read	app/InstallationProcess/MariaDbPilotLegacyObjectSchemaReadiness.php	16	"SELECT COLUMN_NAME,COLUMN_TYPE,IS_NULLABLE FROM information_schema.COLUMNS "
sql-read	app/InstallationProcess/MariaDbPilotLegacyObjectSchemaReadiness.php	73	$columns = $connection->query("SELECT COLUMN_NAME,COLUMN_TYPE,IS_NULLABLE FROM information_schema.COLUMNS WHERE TABLE_SCHEMA=DATABASE() AND TABLE_NAME='{$table}' ORDER BY ORDINAL_POSITION")->fetch_all(MYSQLI_ASSOC);
sql-read	app/InstallationProcess/MariaDbPilotLegacyObjectSchemaReadiness.php	78	$primary = (int) $connection->query("SELECT COUNT(*) n FROM information_schema.STATISTICS WHERE TABLE_SCHEMA=DATABASE() AND TABLE_NAME='{$table}' AND INDEX_NAME='PRIMARY' AND NON_UNIQUE=0 AND SEQ_IN_INDEX=1 AND COLUMN_NAME='singleton_id'")-
sql-read	app/InstallationProcess/MariaDbPilotLegacyObjectSchemaReadiness.php	90	$index = (int) $connection->query("SELECT COUNT(*) n FROM information_schema.STATISTICS WHERE TABLE_SCHEMA=DATABASE() AND TABLE_NAME='{$table}' AND INDEX_NAME='unique_reversal' AND NON_UNIQUE=0 AND SEQ_IN_INDEX=1 AND COLUMN_NAME='reverses_p
sql-read	app/InstallationProcess/MariaDbPilotSnapshotImporter.php	18	foreach($objects as$o){$id=(int)$o['id'];$r=$this->db->query("SELECT ordadr_address,entrance,regnumber,workdatestart,workdatestartadjusted,workdateendadjusted,plan_finish_date,workdatefinish,responsstroicontrol FROM `{$this->legacyPrefix}fm
sql-read	app/InstallationProcess/MariaDbPilotSnapshotImporter.php	19	$hash=(string)$s['checklistTemplate']['contentSha256'];$q=$this->db->prepare("SELECT payload_json FROM `{$this->processPrefix}fm2_checklist_template_snapshots` WHERE content_sha256=?");$q->bind_param('s',$hash);$q->execute();$r=$q->get_resu
sql-write-or-schema	app/InstallationProcess/MariaDbPilotSnapshotImporter.php	23	$this->db->begin_transaction();try{$q=$this->db->prepare("INSERT INTO `{$this->legacyPrefix}fm_maintable`(id,ordadr_address,entrance,regnumber,workdatestart,workdatestartadjusted,workdateendadjusted,plan_finish_date,workdatefinish,ptoactdat
sql-read	app/InstallationProcess/MariaDbPilotSnapshotImporter.php	23	$this->db->begin_transaction();try{$q=$this->db->prepare("INSERT INTO `{$this->legacyPrefix}fm_maintable`(id,ordadr_address,entrance,regnumber,workdatestart,workdatestartadjusted,workdateendadjusted,plan_finish_date,workdatefinish,ptoactdat
sql-write-or-schema	app/InstallationProcess/MariaDbPilotSnapshotImporter.php	27	$created=0;$present=0;$this->db->begin_transaction();try{$q=$this->db->prepare("INSERT INTO `{$this->processPrefix}fm2_pilot_object_details` VALUES(?,?,?,?,?)");foreach($objects as$o){$material=['schemaVersion'=>'technical-object-detail-v1'
sql-read	app/InstallationProcess/MariaDbPilotSnapshotImporter.php	27	$created=0;$present=0;$this->db->begin_transaction();try{$q=$this->db->prepare("INSERT INTO `{$this->processPrefix}fm2_pilot_object_details` VALUES(?,?,?,?,?)");foreach($objects as$o){$material=['schemaVersion'=>'technical-object-detail-v1'
sql-write-or-schema	app/InstallationProcess/MariaDbPilotSnapshotImporter.php	31	$t=$s['checklistTemplate'];$hash=$t['contentSha256'];$q=$this->db->prepare("SELECT id FROM `{$this->processPrefix}fm2_checklist_template_snapshots` WHERE content_sha256=?");$q->bind_param('s',$hash);$q->execute();$r=$q->get_result()->fetch_
sql-read	app/InstallationProcess/MariaDbPilotSnapshotImporter.php	31	$t=$s['checklistTemplate'];$hash=$t['contentSha256'];$q=$this->db->prepare("SELECT id FROM `{$this->processPrefix}fm2_checklist_template_snapshots` WHERE content_sha256=?");$q->bind_param('s',$hash);$q->execute();$r=$q->get_result()->fetch_
sql-read	app/InstallationProcess/MariaDbPilotStartupState.php	9	{$r=$db->query("SELECT generation,fingerprint,manifest_nonce FROM `{$p}fm2_pilot_generation_sentinel` WHERE singleton_id=1")->fetch_assoc();return is_array($r)?$r:null;}
sql-write-or-schema	app/InstallationProcess/MariaDbPilotStartupState.php	11	{$s=$db->prepare("INSERT INTO `{$p}fm2_pilot_generation_sentinel` VALUES(1,1,?,?)");$s->bind_param('ss',$fingerprint,$nonce);$s->execute();}
sql-read	app/InstallationProcess/MariaDbPilotStartupState.php	13	{return(int)$db->query("SELECT COUNT(*) n FROM `{$p}fm2_pilot_users`")->fetch_assoc()['n'];}
sql-read	app/InstallationProcess/MariaDbPilotStartupState.php	15	{return(string)$db->query('SELECT @@hostname identity')->fetch_assoc()['identity'];}
sql-read	app/InstallationProcess/MariaDbProcessUserDirectory.php	27	$statement = $this->connection->prepare("SELECT u.id,u.name,u.email FROM `{$users}` u JOIN `{$roles}` r ON r.id=u.role_id WHERE BINARY u.email=BINARY ? AND u.status=1 AND r.status=1 LIMIT 2");
sql-read	app/InstallationProcess/MariaDbProcessUserDirectory.php	41	$statement = $this->connection->prepare("SELECT 1 FROM `{$users}` u JOIN `{$roles}` r ON r.id=u.role_id WHERE u.id=? AND u.status=1 AND r.status=1 LIMIT 1");
sql-read	app/InstallationProcess/MariaDbProcessUserDirectory.php	52	$statement = $this->connection->prepare("SELECT u.user_id,u.full_name FROM `{$p}fm2_pilot_users` u JOIN `{$p}fm2_pilot_user_roles` ur ON ur.user_id=u.user_id JOIN `{$p}fm2_pilot_roles` r ON r.role_id=ur.role_id WHERE u.user_id=? AND u.statu
sql-read	app/InstallationProcess/MariaDbProcessUserDirectory.php	58	$statement = $this->connection->prepare("SELECT u.id,u.name,c.position_snapshot FROM `{$users}` u JOIN `{$roles}` r ON r.id=u.role_id JOIN `{$p}fm2_process_user_capabilities` c ON c.user_id=u.id AND c.capability='construction_control_engine
sql-read	app/InstallationProcess/MariaDbProcessUserDirectory.php	69	$statement = $this->connection->prepare("SELECT 1 FROM `{$users}` u JOIN `{$roles}` r ON r.id=u.role_id JOIN `{$p}fm2_process_user_capabilities` c ON c.user_id=u.id AND c.capability=? WHERE u.id=? AND u.status=1 AND r.status=1 LIMIT 1");
sql-read	app/InstallationProcess/MariaDbProcessUserDirectory.php	77	$statement = $this->connection->prepare("SELECT 1 FROM `{$p}fm2_pilot_users` u JOIN `{$p}fm2_pilot_user_roles` ur ON ur.user_id=u.user_id JOIN `{$p}fm2_pilot_roles` r ON r.role_id=ur.role_id JOIN `{$p}fm2_pilot_role_permissions` rp ON rp.ro
sql-read	app/InstallationProcess/MariaDbProcessUserDirectory.php	85	$statement = $this->connection->prepare('SELECT 1 FROM information_schema.TABLES WHERE TABLE_SCHEMA=DATABASE() AND TABLE_NAME=? LIMIT 1');
sql-read	app/InstallationProcess/MariaDbSchemaInspector.php	18	$statement = $connection->prepare('SELECT 1 FROM information_schema.TABLES WHERE TABLE_SCHEMA=DATABASE() AND TABLE_NAME=?');
sql-read	app/InstallationProcess/MariaDbSchemaInspector.php	27	$statement = $connection->prepare('SELECT ENGINE,TABLE_COLLATION FROM information_schema.TABLES WHERE TABLE_SCHEMA=DATABASE() AND TABLE_NAME=?');
sql-read	app/InstallationProcess/MariaDbSchemaInspector.php	36	$statement = $connection->prepare('SELECT COLUMN_NAME,COLUMN_TYPE,IS_NULLABLE,EXTRA,CHARACTER_SET_NAME,COLLATION_NAME FROM information_schema.COLUMNS WHERE TABLE_SCHEMA=DATABASE() AND TABLE_NAME=? ORDER BY ORDINAL_POSITION');
sql-read	app/InstallationProcess/MariaDbSchemaInspector.php	45	$statement = $connection->prepare("SELECT INDEX_NAME,NON_UNIQUE,GROUP_CONCAT(CONCAT(COLUMN_NAME,':',COALESCE(SUB_PART,'FULL'),':',COALESCE(COLLATION,'NULL'),':',IGNORED) ORDER BY SEQ_IN_INDEX) AS COLUMNS FROM information_schema.STATISTICS W
sql-read	app/InstallationProcess/MariaDbSchemaInspector.php	55	$statement = $connection->prepare('SELECT CHECK_CLAUSE FROM information_schema.CHECK_CONSTRAINTS WHERE CONSTRAINT_SCHEMA=DATABASE() AND TABLE_NAME=?');
sql-read	app/InstallationProcess/MariaDbSchemaInspector.php	69	$statement = $connection->prepare("SELECT k.COLUMN_NAME,k.REFERENCED_TABLE_SCHEMA,k.REFERENCED_TABLE_NAME,k.REFERENCED_COLUMN_NAME,r.DELETE_RULE,DATABASE() AS CURRENT_SCHEMA FROM information_schema.KEY_COLUMN_USAGE k JOIN information_schema
sql-read	app/InstallationProcess/MariaDbWorkforceCatalog.php	25	$statement = $this->connection->prepare("SELECT installer_tab_id,fio,position,employment_status,employed_from,employed_to,workforce_source,workforce_source_updated_at FROM `{$table}` WHERE installer_tab_id=? LIMIT 1");
sql-read	app/InstallationProcess/MariaDbWorkforceSynchronization.php	12	$lock=$this->p.'bitrix_workforce_sync';$s=$this->db->prepare('SELECT GET_LOCK(?,0)');$s->bind_param('s',$lock);$s->execute();if((int)($s->get_result()->fetch_row()[0]??0)!==1)return['status'=>'failed','runId'=>$run,'reason'=>'SYNC_ALREADY_R
sql-read	app/InstallationProcess/MariaDbWorkforceSynchronization.php	13	try{return$this->execute($delivery,$run,$observedAt);}catch(\Throwable$e){$allowed=['INVALID_RUN_ID','INVALID_OBSERVED_AT','DATABASE_PUBLICATION_FAILED'];$code=in_array($e->getMessage(),$allowed,true)?$e->getMessage():'WORKFORCE_SYNC_FAILED
sql-read	app/InstallationProcess/MariaDbWorkforceSynchronization.php	18	$lock=$this->p.'bitrix_workforce_sync';$s=$this->db->prepare('SELECT GET_LOCK(?,0)');$s->bind_param('s',$lock);$s->execute();if((int)($s->get_result()->fetch_row()[0]??0)!==1)return['status'=>'failed','runId'=>$current,'reason'=>'SYNC_ALREA
sql-read	app/InstallationProcess/MariaDbWorkforceSynchronization.php	21	finally{$s=$this->db->prepare('SELECT RELEASE_LOCK(?)');$s->bind_param('s',$lock);$s->execute();}
sql-read	app/InstallationProcess/MariaDbWorkforceSynchronization.php	24	private function runResult(string$id):?array{$s=$this->db->prepare('SELECT * FROM '.$this->t('fm2_workforce_sync_runs').' WHERE run_id=?');$s->bind_param('s',$id);$s->execute();$r=$s->get_result()->fetch_assoc();if(!is_array($r))return null
sql-write-or-schema	app/InstallationProcess/MariaDbWorkforceSynchronization.php	28	if($at!==null&&!$this->timestamp($at))throw new \InvalidArgumentException('INVALID_OBSERVED_AT');$startedAt=$at??gmdate(DATE_ATOM);$started=$this->db->prepare('INSERT INTO '.$this->t('fm2_workforce_sync_runs')."(run_id,status,started_at)VAL
sql-read	app/InstallationProcess/MariaDbWorkforceSynchronization.php	33	try{if((int)$this->db->query('SELECT @@in_transaction active')->fetch_assoc()['active']!==0)throw new \RuntimeException('AMBIENT_TRANSACTION');$this->db->begin_transaction();$meta=$this->db->query('SELECT singleton_id FROM '.$this->t('fm2_w
sql-write-or-schema	app/InstallationProcess/MariaDbWorkforceSynchronization.php	35	foreach($existing as$tab=>$old){if(($old['reconciliation_state']??null)!=='missing_from_delivery'&&$old['delivery_person_id']!==null){$x=$this->fromCurrent($old);$this->observe($run,$x,'missing_from_delivery',$at);$changed++;}$s=$this->db->
sql-write-or-schema	app/InstallationProcess/MariaDbWorkforceSynchronization.php	36	$pages=$result->pages;$delivered=count($rows);$missing=count($existing);$s=$this->db->prepare('UPDATE '.$this->t('fm2_workforce_sync_runs')." SET status='completed',observed_at=?,completed_at=?,page_count=?,delivered_count=?,material_change
sql-write-or-schema	app/InstallationProcess/MariaDbWorkforceSynchronization.php	43	private function observe(string$run,array$x,string$state,string$at):void{$quality='observed_only';$s=$this->db->prepare('INSERT INTO '.$this->t('fm2_workforce_observations').'(sync_run_id,delivery_person_id,employee_number,full_name,positio
sql-write-or-schema	app/InstallationProcess/MariaDbWorkforceSynchronization.php	44	private function upsert(string$run,array$x,string$at):void{$first=$x['employment_status']==='dismissed'?$at:null;$source='one_c_zup_via_bitrix';$quality='observed_only';$state='delivered';$s=$this->db->prepare('INSERT INTO '.$this->t('fm2_w
sql-write-or-schema	app/InstallationProcess/MariaDbWorkforceSynchronization.php	47	private function fail(string$run,string$at,string$code,int$pages=0):void{$s=$this->db->prepare('UPDATE '.$this->t('fm2_workforce_sync_runs')." SET status='failed',completed_at=?,failure_code=?,page_count=? WHERE run_id=?");$s->bind_param('s
include	app/InstallationProcess/NoOpObjectDetailSnapshotSchemaObserver.php	4	require_once __DIR__ . '/ObjectDetailSnapshotSchemaObserver.php';
include	app/InstallationProcess/ObjectDetailSnapshotEngineSchemaMigration.php	7	require_once __DIR__ . '/DatabaseUnavailable.php';
include	app/InstallationProcess/ObjectDetailSnapshotEngineSchemaMigration.php	8	require_once __DIR__ . '/ObjectDetailSnapshotSchemaObserver.php';
include	app/InstallationProcess/ObjectDetailSnapshotEngineSchemaMigration.php	9	require_once __DIR__ . '/IdentityAccessDefinitionSchemaMigration.php';
include	app/InstallationProcess/ObjectDetailSnapshotEngineSchemaMigration.php	10	require_once __DIR__ . '/MariaDbObjectDetailSnapshotSchemaFingerprint.php';
sql-read	app/InstallationProcess/ObjectDetailSnapshotEngineSchemaMigration.php	38	$database = $connection->query('SELECT DATABASE()')->fetch_column();
sql-read	app/InstallationProcess/ObjectDetailSnapshotEngineSchemaMigration.php	43	if ((string)$connection->query("SELECT GET_LOCK('{$lock}',5)")->fetch_column() !== '1') {
sql-write-or-schema	app/InstallationProcess/ObjectDetailSnapshotEngineSchemaMigration.php	61	if ($connection->query('CREATE TABLE `' . $table . '` ('
sql-read	app/InstallationProcess/ObjectDetailSnapshotEngineSchemaMigration.php	84	if ((string)$connection->query("SELECT RELEASE_LOCK('{$lock}')")->fetch_column() !== '1') {
include	app/InstallationProcess/ObjectDetailSnapshotSchemaMigration.php	4	require_once __DIR__ . '/ObjectDetailSnapshotEngineSchemaMigration.php';
include	app/InstallationProcess/ObjectDetailSnapshotSchemaMigration.php	5	require_once __DIR__ . '/NoOpObjectDetailSnapshotSchemaObserver.php';
include	app/InstallationProcess/ObjectDetailSnapshotSchemaMigrationVerification.php	4	require_once __DIR__ . '/ObjectDetailSnapshotEngineSchemaMigration.php';
include	app/InstallationProcess/ObjectDetailSnapshotSchemaObserver.php	4	require_once __DIR__ . '/ObjectDetailSnapshotSchemaPhase.php';
include	app/InstallationProcess/OriginalAttemptAuditSchemaEngineSchemaMigration.php	6	require_once dirname(__DIR__).'/AssignmentOrderOriginal/AssignmentOrderOriginalSchemaMigration.php';
include	app/InstallationProcess/OriginalAttemptAuditSchemaEngineSchemaMigration.php	7	require_once dirname(__DIR__).'/AssignmentOrderOriginal/MariaDbCheckCanonicalizer.php';
include	app/InstallationProcess/OriginalAttemptAuditSchemaEngineSchemaMigration.php	8	require_once __DIR__.'/MariaDbOriginalAttemptAuditSchemaFingerprint.php';
sql-read	app/InstallationProcess/OriginalAttemptAuditSchemaEngineSchemaMigration.php	19	$state=$db->query('SELECT @@in_transaction active');
sql-read	app/InstallationProcess/OriginalAttemptAuditSchemaEngineSchemaMigration.php	21	$identity=$db->query('SELECT DATABASE() name');$database=$identity?->fetch_assoc()['name']??null;
sql-read	app/InstallationProcess/OriginalAttemptAuditSchemaEngineSchemaMigration.php	24	if(!self::one($db,"SELECT GET_LOCK('{$lock}',5) value"))self::fail();$held=true;
sql-read	app/InstallationProcess/OriginalAttemptAuditSchemaEngineSchemaMigration.php	29	try {if(!self::one($db,"SELECT RELEASE_LOCK('{$lock}') value"))self::fail();}
sql-write-or-schema	app/InstallationProcess/OriginalAttemptAuditSchemaEngineSchemaMigration.php	45	$clauses=['DROP INDEX `'.$names['index'].'`',
sql-write-or-schema	app/InstallationProcess/OriginalAttemptAuditSchemaEngineSchemaMigration.php	47	'DROP FOREIGN KEY `'.$names['foreignKey'].'`'];
sql-write-or-schema	app/InstallationProcess/OriginalAttemptAuditSchemaEngineSchemaMigration.php	48	foreach($names['checks'] as $check)$clauses[]='DROP CONSTRAINT `'.$check.'`';
sql-write-or-schema	app/InstallationProcess/OriginalAttemptAuditSchemaEngineSchemaMigration.php	52	if($db->query('ALTER TABLE `'.$prefix.MariaDbOriginalAttemptAuditSchemaFingerprint::AUDIT.'` '.implode(',',$clauses))!==true)self::fail();
include	app/InstallationProcess/OriginalAttemptAuditSchemaMigration.php	15	require_once __DIR__.'/OriginalAttemptAuditSchemaEngineSchemaMigration.php';
include	app/InstallationProcess/OriginalAttemptAuditSchemaMigrationVerification.php	5	require_once __DIR__.'/OriginalAttemptAuditSchemaMigration.php';
sql-write-or-schema	app/InstallationProcess/OtizEvidenceSchemaMigration.php	16	"CREATE TABLE `{$p}fm2_migrated_evidence_decisions`(id BIGINT UNSIGNED NOT NULL AUTO_INCREMENT PRIMARY KEY,operation_id CHAR(36) NOT NULL,request_sha256 CHAR(64) NOT NULL,snapshot_id BIGINT UNSIGNED NOT NULL,snapshot_sha256 CHAR(64) NOT NUL
sql-write-or-schema	app/InstallationProcess/OtizEvidenceSchemaMigration.php	17	"CREATE TABLE `{$p}fm2_migrated_evidence_projection`(snapshot_id BIGINT UNSIGNED NOT NULL,legacy_object_id BIGINT UNSIGNED NOT NULL,projection_version VARCHAR(80) NOT NULL,input_sha256 CHAR(64) NOT NULL,projection_sha256 CHAR(64) NOT NULL,c
sql-write-or-schema	app/InstallationProcess/OtizEvidenceSchemaMigration.php	18	"CREATE TABLE `{$p}fm2_migrated_evidence_conflicts`(snapshot_id BIGINT UNSIGNED NOT NULL,issue_code VARCHAR(80) NOT NULL,PRIMARY KEY(snapshot_id,issue_code),KEY ix_code(issue_code,snapshot_id)) ENGINE=InnoDB",
sql-write-or-schema	app/InstallationProcess/OtizEvidenceSchemaMigration.php	19	"CREATE TABLE `{$p}fm2_migrated_evidence_decision_state`(snapshot_id BIGINT UNSIGNED NOT NULL,issue_code VARCHAR(80) NOT NULL,decision_id BIGINT UNSIGNED NOT NULL,outcome VARCHAR(40) NOT NULL,PRIMARY KEY(snapshot_id,issue_code),KEY ix_outco
sql-write-or-schema	app/InstallationProcess/OtizEvidenceSchemaMigration.php	20	"CREATE TABLE `{$p}fm2_migration_quarantine_decisions`(id BIGINT UNSIGNED AUTO_INCREMENT PRIMARY KEY,operation_id CHAR(36) NOT NULL,request_sha256 CHAR(64) NOT NULL,source_locator VARCHAR(80) NOT NULL,source_cutoff_at DATETIME NOT NULL,sour
sql-write-or-schema	app/InstallationProcess/OtizPublicationSchemaMigration.php	19	$db->query("CREATE TABLE `{$table}`(snapshot_id BIGINT UNSIGNED NOT NULL PRIMARY KEY,actor_user_id BIGINT UNSIGNED NOT NULL,operation_id CHAR(36) NOT NULL,request_sha256 CHAR(64) NOT NULL,manifest_version VARCHAR(40) NOT NULL,manifest_sha25
sql-write-or-schema	app/InstallationProcess/PilotCaseImporter.php	70	"INSERT INTO `{$this->processPrefix}fm2_installation_cases` "
sql-read	app/InstallationProcess/PilotCaseImporter.php	106	"SELECT legacy_installation_object_id FROM `{$this->processPrefix}fm2_installation_cases` "
sql-read	app/InstallationProcess/PilotCaseImporter.php	122	'SELECT id,ordadr_address,entrance,regnumber,workdatestart,workdateendadjusted,plan_finish_date,workdatefinish,ptoactdate '
sql-read	app/InstallationProcess/PilotCaseImporter.php	175	"SELECT legacy_installation_object_id,process_state,actual_start_date,opened_at,opened_by_user_id,created_at,updated_at,lock_version FROM `{$this->processPrefix}fm2_installation_cases` WHERE legacy_installation_object_id IN ({$placeholders}
sql-write-or-schema	app/InstallationProcess/PilotGenerationSentinelSchemaMigration.php	11	$db->query("CREATE TABLE `{$table}` (singleton_id TINYINT UNSIGNED NOT NULL,generation INT UNSIGNED NOT NULL,fingerprint CHAR(8) NOT NULL,manifest_nonce CHAR(64) NOT NULL,PRIMARY KEY(singleton_id)) ENGINE=InnoDB DEFAULT CHARSET=utf8mb4");
sql-write-or-schema	app/InstallationProcess/PilotLegacyObjectSchemaMigration.php	11	if(MariaDbSchemaInspector::tableExists($db,$table)){try{MariaDbPilotLegacyObjectSchemaReadiness::assertReady($db,$prefix);return['applied'=>false];}catch(\Throwable){if(!MariaDbPilotLegacyObjectSchemaReadiness::isKnownPredecessor($db,$prefi
sql-write-or-schema	app/InstallationProcess/PilotLegacyObjectSchemaMigration.php	12	$db->query("CREATE TABLE `{$table}` (id BIGINT UNSIGNED NOT NULL PRIMARY KEY,ordadr_address VARCHAR(500) NULL,entrance VARCHAR(80) NULL,regnumber VARCHAR(120) NULL,workdatestart VARCHAR(40) NULL,workdatestartadjusted VARCHAR(40) NULL,workda
sql-write-or-schema	app/InstallationProcess/PilotOtizSchemaMigration.php	12	"CREATE TABLE {$q($names[0])}(id BIGINT UNSIGNED NOT NULL AUTO_INCREMENT PRIMARY KEY,report_date DATE NOT NULL,status ENUM('draft','accepted') NOT NULL,previous_snapshot_id BIGINT UNSIGNED NULL,rules_version VARCHAR(80) NOT NULL,calculated_
sql-write-or-schema	app/InstallationProcess/PilotOtizSchemaMigration.php	13	"CREATE TABLE {$q($names[1])}(snapshot_id BIGINT UNSIGNED NOT NULL,object_id BIGINT UNSIGNED NOT NULL,regnumber VARCHAR(120) NOT NULL,address VARCHAR(500) NOT NULL,previous_progress_bp INT NOT NULL,current_progress_bp INT NOT NULL,progress_
sql-write-or-schema	app/InstallationProcess/PilotOtizSchemaMigration.php	14	"CREATE TABLE {$q($names[2])}(id BIGINT UNSIGNED NOT NULL AUTO_INCREMENT PRIMARY KEY,snapshot_id BIGINT UNSIGNED NOT NULL,object_id BIGINT UNSIGNED NOT NULL,tab_id VARCHAR(40) NOT NULL,full_name VARCHAR(300) NOT NULL,position_name VARCHAR(2
sql-write-or-schema	app/InstallationProcess/PilotOtizSchemaMigration.php	15	"CREATE TABLE {$q($names[3])}(id BIGINT UNSIGNED NOT NULL AUTO_INCREMENT PRIMARY KEY,snapshot_id BIGINT UNSIGNED NOT NULL,object_id BIGINT UNSIGNED NOT NULL,severity ENUM('blocker','warning') NOT NULL,issue_code VARCHAR(80) NOT NULL,message
sql-write-or-schema	app/InstallationProcess/PilotOtizSchemaMigration.php	16	"CREATE TABLE {$q($names[4])}(snapshot_id BIGINT UNSIGNED NOT NULL,legacy_object_id BIGINT UNSIGNED NOT NULL,admission_state ENUM('confirmed_not_mapped','excluded') NOT NULL,source_label VARCHAR(160) NOT NULL,source_locator VARCHAR(160) NOT
sql-write-or-schema	app/InstallationProcess/PilotOtizSchemaMigration.php	17	"CREATE TABLE {$q($names[5])}(id BIGINT UNSIGNED NOT NULL AUTO_INCREMENT PRIMARY KEY,snapshot_id BIGINT UNSIGNED NOT NULL,object_id BIGINT UNSIGNED NOT NULL,closed_on DATE NOT NULL,paid_cents BIGINT NOT NULL,discipline_cents BIGINT NOT NULL
sql-write-or-schema	app/InstallationProcess/PilotOtizSchemaMigration.php	18	"CREATE TABLE {$q($names[6])}(id BIGINT UNSIGNED NOT NULL AUTO_INCREMENT PRIMARY KEY,snapshot_id BIGINT UNSIGNED NULL,object_id BIGINT UNSIGNED NULL,event_type VARCHAR(80) NOT NULL,payload_json JSON NOT NULL,actor_user_id BIGINT UNSIGNED NO
include	app/InstallationProcess/ProcessCapabilityChecksClassifier.php	7	require_once __DIR__.'/ProcessCapabilityVersions.php';
sql-read	app/InstallationProcess/ProcessCapabilityChecksClassifier.php	14	$statement = $connection->prepare('SELECT CONSTRAINT_NAME,CHECK_CLAUSE FROM information_schema.CHECK_CONSTRAINTS WHERE CONSTRAINT_SCHEMA=DATABASE() AND TABLE_NAME=? ORDER BY CONSTRAINT_NAME');
sql-write-or-schema	app/InstallationProcess/ProcessCommandCapabilitiesSchemaMigration.php	24	$connection->query("ALTER TABLE `{$table}` DROP CONSTRAINT `{$capabilityConstraint}`, ADD CONSTRAINT `ck_fm2_process_user_capability` CHECK (capability IN ('assignment_order.prepare','assignment_order.confirm_registration','installation.ope
sql-write-or-schema	app/InstallationProcess/ProcessUserCapabilitiesSchemaMigration.php	26	$connection->query("CREATE TABLE `{$table}` (
compatibility-reference	app/InstallationProcess/ProductionPdfAssignmentOrderRenderer.php	114	$asset=dirname(__DIR__,2).'/rapid-pilot/assets/shlz-logo.jpg.base64';
include	app/InstallationProcess/ProductionPdfAssignmentOrderRenderer.php	185	require_once $autoload;
sql-write-or-schema	app/InstallationProcess/ProductionProcessSchemaMigration.php	42	'fm2_installation_cases'=>"CREATE TABLE {$t('fm2_installation_cases')} (id BIGINT UNSIGNED AUTO_INCREMENT NOT NULL,legacy_installation_object_id BIGINT UNSIGNED NOT NULL,process_state VARCHAR(80) NOT NULL,actual_start_date DATE NULL,opened_
sql-write-or-schema	app/InstallationProcess/ProductionProcessSchemaMigration.php	43	'fm2_assignment_orders'=>"CREATE TABLE {$t('fm2_assignment_orders')} (id BIGINT UNSIGNED AUTO_INCREMENT NOT NULL,installation_case_id BIGINT UNSIGNED NOT NULL,version_no SMALLINT UNSIGNED NOT NULL,kind VARCHAR(40) NOT NULL,status VARCHAR(40
sql-write-or-schema	app/InstallationProcess/ProductionProcessSchemaMigration.php	44	'fm2_order_installers'=>"CREATE TABLE {$t('fm2_order_installers')} (assignment_order_id BIGINT UNSIGNED NOT NULL,installer_tab_id BIGINT UNSIGNED NOT NULL,fio_snapshot VARCHAR(300) NOT NULL,position_snapshot VARCHAR(300) NOT NULL,employment
sql-write-or-schema	app/InstallationProcess/ProductionProcessSchemaMigration.php	45	'fm2_order_artifacts'=>"CREATE TABLE {$t('fm2_order_artifacts')} (assignment_order_id BIGINT UNSIGNED NOT NULL,artifact_type VARCHAR(40) NOT NULL,filename VARCHAR(500) NOT NULL,media_type VARCHAR(120) NOT NULL,byte_size BIGINT UNSIGNED NOT 
sql-write-or-schema	app/InstallationProcess/ProductionProcessSchemaMigration.php	46	'fm2_process_tasks'=>"CREATE TABLE {$t('fm2_process_tasks')} (id BIGINT UNSIGNED AUTO_INCREMENT NOT NULL,installation_case_id BIGINT UNSIGNED NOT NULL,task_type VARCHAR(80) NOT NULL,assignee_user_id BIGINT UNSIGNED NULL,assignee_role VARCHA
sql-write-or-schema	app/InstallationProcess/ProductionProcessSchemaMigration.php	47	'fm2_process_events'=>"CREATE TABLE {$t('fm2_process_events')} (id BIGINT UNSIGNED AUTO_INCREMENT NOT NULL,installation_case_id BIGINT UNSIGNED NOT NULL,event_type VARCHAR(80) NOT NULL,occurred_at VARCHAR(40) NOT NULL,actor_user_id BIGINT U
sql-read	app/InstallationProcess/WorkforceCatalogSchemaMigration.php	30	'SELECT DEFAULT_COLLATION_NAME FROM information_schema.SCHEMATA WHERE SCHEMA_NAME=DATABASE()',
sql-write-or-schema	app/InstallationProcess/WorkforceCatalogSchemaMigration.php	36	$connection->query("CREATE TABLE `{$table}` (
include	app/Jobs/JobsRuntimeCommand.php	11	if(PHP_SAPI!=='cli')throw new \InvalidArgumentException('Jobs deployment commands require CLI.');
sql-read	app/Jobs/MariaDbJobEnqueue.php	21	$lookup=fn(): array=>$s->rows('SELECT job_id,fingerprint FROM '.$s->table('fm2_jobs').' WHERE job_type=? AND idempotency_key=? FOR UPDATE',[$type,$identity]);
sql-write-or-schema	app/Jobs/MariaDbJobEnqueue.php	25	$s->execute('INSERT INTO '.$s->table('fm2_jobs').'(job_type,payload_version,payload_json,idempotency_key,fingerprint,actor_json,available_at_utc,created_at_utc,retry_of_job_id) VALUES(?,?,?,?,?,?,?,?,?)',[$type,$version,$payload,$identity,$
sql-read	app/Jobs/MariaDbJobQueue.php	27	$rows=$s->rows('SELECT * FROM '.$s->table('fm2_jobs')." WHERE (status='ready' AND available_at_utc<=?) OR (status='leased' AND lease_expires_at_utc<=?) ORDER BY available_at_utc,job_id LIMIT ".$batch.' FOR UPDATE',[$now,$now]);
sql-write-or-schema	app/Jobs/MariaDbJobQueue.php	32	$s->execute('UPDATE '.$s->table('fm2_jobs')." SET status='dead',failure_code='LEASE_EXPIRED',completed_at_utc=?,".$this->clearLease().' WHERE job_id=?',[$now,(int)$job['job_id']]);
sql-write-or-schema	app/Jobs/MariaDbJobQueue.php	40	$s->execute('UPDATE '.$s->table('fm2_jobs')." SET status='leased',attempt=?,worker_id=?,lease_token=?,leased_at_utc=?,lease_expires_at_utc=?,heartbeat_at_utc=?,failure_code=NULL,result_json=NULL,completed_at_utc=NULL WHERE job_id=?",[$attem
sql-write-or-schema	app/Jobs/MariaDbJobQueue.php	56	$s->execute('UPDATE '.$s->table('fm2_jobs').' SET heartbeat_at_utc=?,lease_expires_at_utc=? WHERE job_id=?',[$now,$expires,(int)$job['job_id']]);
sql-write-or-schema	app/Jobs/MariaDbJobQueue.php	66	$s->execute('UPDATE '.$s->table('fm2_jobs')." SET status='completed',completed_at_utc=?,result_json=?,failure_code=NULL,".$this->clearLease().' WHERE job_id=?',[$now,$result,(int)$job['job_id']]);
sql-write-or-schema	app/Jobs/MariaDbJobQueue.php	79	$s->execute('UPDATE '.$s->table('fm2_jobs').' SET status=?,available_at_utc=?,failure_code=?,completed_at_utc=?,'.$this->clearLease().' WHERE job_id=?',[$terminal?'dead':'ready',$available,$code,$terminal?$now:null,(int)$job['job_id']]);
sql-read	app/Jobs/MariaDbJobQueue.php	93	$rows=$s->rows('SELECT * FROM '.$s->table('fm2_jobs').' WHERE job_id=? FOR UPDATE',[$command['jobId']]);
sql-read	app/Jobs/MariaDbJobsHealth.php	22	$dead=(int)$s->rows("SELECT COUNT(*) n FROM {$table} WHERE status='dead'")[0]['n'];
sql-read	app/Jobs/MariaDbJobsHealth.php	23	$expired=(int)$s->rows("SELECT COUNT(*) n FROM {$table} WHERE status='leased' AND lease_expires_at_utc<=?",[$now])[0]['n'];
sql-read	app/Jobs/MariaDbJobsHealth.php	24	$overdue=(int)$s->rows("SELECT COUNT(*) n FROM {$table} WHERE status='ready' AND available_at_utc<?",[$cutoff])[0]['n'];
sql-read	app/Jobs/MariaDbJobsHealth.php	25	$oldest=$s->rows("SELECT MIN(available_at_utc) oldest FROM {$table} WHERE status='ready'")[0]['oldest'];
sql-read	app/Jobs/MariaDbJobsHealth.php	37	$s=$this->sql;return $s->rows('SELECT observed_at_utc FROM '.$s->table('fm2_worker_heartbeats').' WHERE worker_id=?',[$identity])[0]['observed_at_utc']??null;
sql-read	app/Jobs/MariaDbJobsSession.php	16	$value=$this->clock!==null?($this->clock)():$this->db->query("SELECT DATE_FORMAT(UTC_TIMESTAMP(6),'%Y-%m-%dT%H:%i:%s.%fZ')")->fetch_column();
sql-read	app/Jobs/MariaDbJobsSession.php	21	if((int)$this->db->query('SELECT @@in_transaction')->fetch_column()!==0)throw new \LogicException('Jobs requires an idle connection.');
sql-read	app/Jobs/MariaDbJobsSession.php	22	$wait=(int)$this->db->query('SELECT @@SESSION.innodb_lock_wait_timeout')->fetch_column();
sql-read	app/Jobs/MariaDbJobsSession.php	37	if((int)$this->db->query('SELECT @@in_transaction')->fetch_column()!==0)throw new \LogicException('Jobs requires an idle connection.');
sql-write-or-schema	app/Jobs/MariaDbJobsSession.php	61	$this->execute('INSERT INTO '.$this->table('fm2_job_events').'(job_id,event_type,attempt,occurred_at_utc,worker_id,lease_token,details_json) VALUES(?,?,?,?,?,?,?)',[
sql-read	app/Jobs/MariaDbOperatorJobs.php	20	$s=$this->sql;$database=$s->db->query('SELECT DATABASE()')->fetch_column();
sql-read	app/Jobs/MariaDbOperatorJobs.php	23	$locked=$s->rows('SELECT GET_LOCK(?,0) acquired',[$lock])[0]['acquired']??null;
sql-read	app/Jobs/MariaDbOperatorJobs.php	27	$prior=$s->rows('SELECT job_id,retry_of_job_id FROM '.$s->table('fm2_jobs').' WHERE idempotency_key=? AND retry_of_job_id IS NOT NULL FOR UPDATE',[$operation]);
sql-read	app/Jobs/MariaDbOperatorJobs.php	30	$source=$s->rows('SELECT * FROM '.$s->table('fm2_jobs').' WHERE job_id=? FOR UPDATE',[$id])[0]??null;
sql-read	app/Jobs/MariaDbOperatorJobs.php	41	if((string)($s->rows('SELECT RELEASE_LOCK(?) released',[$lock])[0]['released']??null)!=='1')throw new \RuntimeException('JOBS_UNAVAILABLE');
sql-read	app/Jobs/MariaDbOperatorJobs.php	52	$table=$s->table('fm2_jobs');$total=(int)$s->rows("SELECT COUNT(*) total FROM {$table} WHERE status='dead'")[0]['total'];
sql-read	app/Jobs/MariaDbOperatorJobs.php	53	$rows=$s->rows("SELECT job_id,job_type,payload_version,status,attempt,failure_code,created_at_utc,completed_at_utc FROM {$table} WHERE status='dead' ORDER BY job_id LIMIT {$limit} OFFSET {$offset}");
sql-read	app/Jobs/MariaDbOutbox.php	21	if((int)$s->db->query('SELECT @@in_transaction')->fetch_column()!==1)throw new \LogicException('OUTBOX_TRANSACTION_REQUIRED');
sql-read	app/Jobs/MariaDbOutbox.php	23	$lookup=fn(): array=>$s->rows('SELECT intent_id,fingerprint FROM '.$s->table('fm2_outbox_intents').' WHERE domain_event_id=? AND channel=? FOR UPDATE',[$event,$channel]);
sql-write-or-schema	app/Jobs/MariaDbOutbox.php	27	$s->execute('INSERT INTO '.$s->table('fm2_outbox_intents').'(domain_event_id,channel,template_reference,payload_version,data_json,fingerprint,created_at_utc) VALUES(?,?,?,?,?,?,?)',[$event,$channel,$template,$version,$data,$fingerprint,$s->
sql-read	app/Jobs/MariaDbOutbox.php	37	if((int)$this->sql->db->query('SELECT @@in_transaction')->fetch_column()!==0)throw new \LogicException('AMBIENT_TRANSACTION');
sql-read	app/Jobs/MariaDbOutbox.php	43	$rows=$s->rows('SELECT i.* FROM '.$s->table('fm2_outbox_intents').' i WHERE i.status=\'pending\' AND NOT EXISTS(SELECT 1 FROM '.$s->table('fm2_jobs')." j WHERE j.job_type='outbox.dispatch' AND JSON_EXTRACT(j.payload_json,'$.intentId')=i.int
sql-read	app/Jobs/MariaDbOutbox.php	49	$row=$s->rows('SELECT * FROM '.$s->table('fm2_outbox_intents').' WHERE intent_id=?',[$id])[0]??null;
sql-read	app/Jobs/MariaDbOutbox.php	55	$s=$this->sql;$row=$s->rows('SELECT * FROM '.$s->table('fm2_outbox_attempt_events').' WHERE intent_id=? AND job_id=? AND attempt=?',[$intent,$job,$attempt])[0]??null;
sql-read	app/Jobs/MariaDbOutbox.php	66	return $s->rows("SELECT j.job_id FROM {$table} j JOIN {$table} prior ON prior.job_id=j.retry_of_job_id WHERE j.job_id=? AND j.status='leased' AND prior.status='dead' AND j.job_type='outbox.dispatch' AND prior.job_type='outbox.dispatch' AND 
sql-read	app/Jobs/MariaDbOutbox.php	75	$row=$s->rows('SELECT intent_id,status FROM '.$s->table('fm2_outbox_intents').' WHERE intent_id=? FOR UPDATE',[$intent]);
sql-read	app/Jobs/MariaDbOutbox.php	77	$prior=$s->rows('SELECT * FROM '.$s->table('fm2_outbox_attempt_events').' WHERE intent_id=? AND job_id=? AND attempt=?',[$intent,$job,$attempt])[0]??null;
sql-write-or-schema	app/Jobs/MariaDbOutbox.php	80	$s->execute('INSERT INTO '.$s->table('fm2_outbox_attempt_events').'(intent_id,job_id,attempt,outcome,failure_code,safe_detail,provider_reference,idempotency_reference,occurred_at_utc) VALUES(?,?,?,?,?,NULL,?,?,?)',[
sql-write-or-schema	app/Jobs/MariaDbOutbox.php	84	if($result['status']==='delivered')$s->execute('UPDATE '.$s->table('fm2_outbox_intents')." SET status='delivered',provider_reference=?,delivered_at_utc=? WHERE intent_id=?",[$result['providerReference']??null,$now,$intent]);
sql-write-or-schema	app/Jobs/MariaDbOutbox.php	85	else $s->execute('UPDATE '.$s->table('fm2_outbox_intents').' SET status=? WHERE intent_id=?',[$result['status']==='permanent'?'dead':'pending',$intent]);
sql-write-or-schema	app/Jobs/MariaDbWorkerHeartbeat.php	8	public function observe(string$workerId,string$instant):void{$worker=JobValues::text($workerId,'/^[A-Za-z0-9][A-Za-z0-9_.:-]{0,79}$/D');$at=JobValues::date($instant);$s=$this->sql;$s->execute('INSERT INTO '.$s->table('fm2_worker_heartbeats'
sql-read	app/Jobs/MariaDbWorkforceScheduler.php	23	$latestSql="SELECT * FROM {$slots} WHERE schedule_key LIKE 'workforce-hourly-v1/%' ORDER BY due_at_utc DESC LIMIT 1 FOR UPDATE";
sql-read	app/Jobs/MariaDbWorkforceScheduler.php	27	$existing=$s->rows("SELECT * FROM {$slots} WHERE schedule_key=? FOR UPDATE",[$key])[0]??null;
sql-read	app/Jobs/MariaDbWorkforceScheduler.php	39	$existing=$s->rows("SELECT * FROM {$slots} WHERE schedule_key=? FOR UPDATE",[$key])[0]??null;
sql-write-or-schema	app/Jobs/MariaDbWorkforceScheduler.php	44	$s->execute("INSERT INTO {$slots}(schedule_key,due_at_utc,enqueued_at_utc,skipped_slots,job_id) VALUES(?,?,?,?,?)",[$key,$due,$nowUtc,$skipped,$job['jobId']]);
sql-read	app/Otiz/MariaDbNativePremiumInputs.php	20	$sql="SELECT c.id case_id,c.legacy_installation_object_id object_id,c.actual_start_date,l.regnumber,l.ordadr_address address,
sql-read	app/Otiz/MariaDbNativePremiumInputs.php	53	$p=$this->prefix;$s=$this->db->prepare("SELECT o.item_id,o.client_operation_id,o.device_time,o.server_received_at,o.template_snapshot_id,o.template_content_sha256,t.payload_json FROM `{$p}fm2_checklist_operations` o JOIN `{$p}fm2_checklist_
sql-read	app/Otiz/MariaDbNativePremiumInputs.php	58	$p=$this->prefix;$sql="SELECT oi.installer_tab_id,oi.fio_snapshot,oi.position_snapshot FROM `{$p}fm2_assignment_orders` o JOIN `{$p}fm2_order_installers` oi ON oi.assignment_order_id=o.id WHERE o.installation_case_id=? AND o.status='registe
sql-read	app/Otiz/MariaDbNativePremiumInputs.php	63	$p=$this->prefix;$s=$this->db->prepare("SELECT content_sha256,payload_json,captured_at FROM `{$p}fm2_pilot_object_details` WHERE object_id=? LIMIT 1");$s->bind_param('i',$object);$s->execute();$row=$s->get_result()->fetch_assoc();
sql-read	app/Otiz/MariaDbObjectRegister.php	26	?(int)$this->db->query('SELECT COUNT(*) FROM `'.$this->legacyPrefix.'fm_maintable` l'.$sql->search($query,'l.regnumber','l.ordadr_address'))->fetch_column()
sql-read	app/Otiz/MariaDbObjectRegister.php	46	$rows=$this->db->query($pageBase.' SELECT page.*,d.payload_json,so.inputs_json FROM (SELECT *'.$countColumn.' FROM economics'.$pageWhere.
sql-read	app/Otiz/MariaDbObjectRegister.php	52	:(int)$this->db->query($base.' SELECT COUNT(*) FROM economics'.$where)->fetch_column();
sql-read	app/Otiz/MariaDbObjectRegister.php	64	$result=$this->db->query($base.' SELECT floor_json,capacity_json,type_text,material_text,has_calculation,trace_progress_cents,accrued_cents,paid_cents,discipline_cents,deadline_cents,snapshot_id,calculation_state,pool_cents,snapshot_closed_
sql-read	app/Otiz/MariaDbObjectRegisterQuery.php	44	$bands[]='SELECT '.$this->literal($r['type'])." lift_type,{$r['floors']} floors,{$r['from']} capacity_from,{$r['to']} capacity_to,{$r['premiumCents']} premium_cents";
sql-read	app/Otiz/MariaDbObjectRegisterQuery.php	46	$shafts=[];foreach($norms->shaftRules() as $name=>$amount)$shafts[]='SELECT '.$this->literal($name)." material,{$amount} shaft_bp";
sql-read	app/Otiz/MariaDbObjectRegisterQuery.php	54	SELECT candidate.*,snapshot.report_date,
sql-read	app/Otiz/MariaDbObjectRegisterQuery.php	59	SELECT object_id,SUM(paid_cents) paid_cents,SUM(discipline_cents) discipline_cents,SUM(deadline_cents) deadline_cents
sql-read	app/Otiz/MariaDbObjectRegisterQuery.php	62	SELECT snapshot_id,object_id,SUM(paid_cents+discipline_cents+deadline_cents) closed_cents
sql-read	app/Otiz/MariaDbObjectRegisterQuery.php	65	SELECT l.id object_id,l.regnumber,l.ordadr_address address,d.captured_at,
sql-read	app/Otiz/MariaDbObjectRegisterQuery.php	73	(SELECT jt.amount FROM JSON_TABLE(IF(JSON_VALID(so.inputs_json),so.inputs_json,'{}'),
sql-read	app/Otiz/MariaDbObjectRegisterQuery.php	85	SELECT object_id,regnumber,address,captured_at,snapshot_id,report_date,current_progress_bp,progress_fact_date,
sql-read	app/Otiz/MariaDbObjectRegisterQuery.php	95	SELECT o.*,n.premium_cents,s.shaft_bp,
sql-read	app/Otiz/MariaDbSnapshotBuilder.php	14	$progress=(int)$o['progress'];$previousProgress=0;$q=$this->db->query("SELECT so.current_progress_bp FROM `{$this->prefix}fm2_pilot_otiz_snapshot_objects` so JOIN `{$this->prefix}fm2_pilot_otiz_snapshots` s ON s.id=so.snapshot_id AND s.stat
sql-write-or-schema	app/Otiz/MariaDbSnapshotBuilder.php	22	$stmt = $this->db->prepare("INSERT INTO `{$this->prefix}fm2_pilot_otiz_snapshot_objects`(snapshot_id,object_id,regnumber,address,previous_progress_bp,current_progress_bp,progress_fact_date,premium_cents,shaft_bp,kss_bp,accrued_cents,fund_ce
sql-write-or-schema	app/Otiz/MariaDbSnapshotBuilder.php	31	$a = $this->db->prepare("INSERT INTO `{$this->prefix}fm2_pilot_otiz_snapshot_allocations`(snapshot_id,object_id,tab_id,full_name,position_name,contribution_bp,base_ktu_bp,adjustment_ktu_bp,effective_ktu_bp,share_bp,amount_cents,employment_s
sql-write-or-schema	app/Otiz/MariaDbSnapshotBuilder.php	37	$u = $this->db->prepare("UPDATE `{$this->prefix}fm2_pilot_otiz_snapshots` SET total_pool_cents=?,total_closed_cents=?,total_available_cents=?,content_hash=? WHERE id=?"); $u->bind_param('iiisi', $totalPool, $totalClosed, $totalPool, $hash, 
sql-read	app/Otiz/MariaDbSnapshotBuilder.php	41	private function closedBefore(int $objectId, string $date): int { return (int) $this->db->query("SELECT COALESCE(SUM(paid_cents+discipline_cents+deadline_cents),0) n FROM `{$this->prefix}fm2_pilot_otiz_payment_closures` WHERE object_id={$ob
sql-read	app/Otiz/MariaDbSnapshotBuilder.php	44	$rows=$this->db->query("SELECT id,closed_on,paid_cents,discipline_cents,deadline_cents,basis,artifact,reverses_payment_closure_id FROM `{$this->prefix}fm2_pilot_otiz_payment_closures` WHERE object_id={$objectId} AND closed_on<='".$this->db-
sql-write-or-schema	app/Otiz/MariaDbSnapshotBuilder.php	47	private function issue(int $snapshotId,int $objectId,string $severity,string $code,string $message,string $owner): void { $s=$this->db->prepare("INSERT INTO `{$this->prefix}fm2_pilot_otiz_snapshot_issues`(snapshot_id,object_id,severity,issu
sql-read	app/Otiz/MariaDbSnapshotPublicationRecords.php	13	$s=$this->db->prepare("SELECT snapshot_id,request_sha256 FROM `{$this->prefix}fm2_otiz_publications` WHERE actor_user_id=? AND operation_id=?");
sql-read	app/Otiz/MariaDbSnapshotPublicationRecords.php	23	$snapshot=$this->db->query("SELECT * FROM `{$p}fm2_pilot_otiz_snapshots` WHERE id={$id}")->fetch_assoc();
sql-read	app/Otiz/MariaDbSnapshotPublicationRecords.php	26	'objects'=>$this->db->query("SELECT * FROM `{$p}fm2_pilot_otiz_snapshot_objects` WHERE snapshot_id={$id} ORDER BY object_id")->fetch_all(MYSQLI_ASSOC),
sql-read	app/Otiz/MariaDbSnapshotPublicationRecords.php	27	'allocations'=>$this->db->query("SELECT * FROM `{$p}fm2_pilot_otiz_snapshot_allocations` WHERE snapshot_id={$id} ORDER BY object_id,tab_id,id")->fetch_all(MYSQLI_ASSOC),
sql-read	app/Otiz/MariaDbSnapshotPublicationRecords.php	28	'issues'=>$this->db->query("SELECT * FROM `{$p}fm2_pilot_otiz_snapshot_issues` WHERE snapshot_id={$id} ORDER BY object_id,id")->fetch_all(MYSQLI_ASSOC)];
sql-write-or-schema	app/Otiz/MariaDbSnapshotPublicationRecords.php	44	$s=$this->db->prepare("INSERT INTO `{$this->prefix}fm2_otiz_publications`(snapshot_id,actor_user_id,operation_id,request_sha256,manifest_version,manifest_sha256,object_count,allocation_count,issue_count,published_at) VALUES(?,?,?,?,?,?,?,?,
sql-read	app/Otiz/MariaDbSnapshotPublicationRecords.php	51	$receipt=$this->db->query("SELECT * FROM `{$this->prefix}fm2_otiz_publications` WHERE snapshot_id={$id}")->fetch_assoc();
sql-write-or-schema	app/Otiz/MariaDbSnapshotPublicationRecords.php	64	$s=$this->db->prepare("INSERT INTO `{$this->prefix}fm2_pilot_otiz_events`(snapshot_id,object_id,event_type,payload_json,actor_user_id,occurred_at) VALUES(?,NULL,?,?,?,?)");
sql-read	app/Otiz/MariaDbSnapshotPublicationRecords.php	71	$contents['events']=$this->db->query("SELECT * FROM `{$this->prefix}fm2_pilot_otiz_events` WHERE snapshot_id={$id} ORDER BY id")->fetch_all(MYSQLI_ASSOC);
sql-read	app/Otiz/MariaDbSnapshotPublicationRecords.php	72	$contents['publication']=$this->db->query("SELECT * FROM `{$this->prefix}fm2_otiz_publications` WHERE snapshot_id={$id}")->fetch_assoc();
sql-read	app/Otiz/MariaDbSnapshotStore.php	25	if((int)$this->db->query('SELECT @@in_transaction AS active')->fetch_assoc()['active'] !== 0) throw new \LogicException('Publication owns its transaction');
sql-read	app/Otiz/MariaDbSnapshotStore.php	40	$s=$this->db->prepare("SELECT id FROM `{$p}fm2_pilot_otiz_snapshots` WHERE status='accepted' AND report_date<? ORDER BY report_date DESC,id DESC LIMIT 1");
sql-write-or-schema	app/Otiz/MariaDbSnapshotStore.php	43	$s=$this->db->prepare("INSERT INTO `{$p}fm2_pilot_otiz_snapshots`(report_date,status,previous_snapshot_id,rules_version,calculated_at,calculated_by_user_id,total_pool_cents,total_closed_cents,total_available_cents,content_hash) VALUES(?,'dr
sql-read	app/Otiz/MariaDbSnapshotStore.php	59	$r=$this->db->query("SELECT * FROM `{$this->prefix}fm2_pilot_otiz_snapshots` WHERE id={$id} FOR UPDATE")->fetch_assoc();
sql-read	app/Otiz/MariaDbSnapshotStore.php	68	$count=(int)$this->db->query("SELECT COUNT(*) n FROM `{$p}fm2_pilot_otiz_snapshot_issues` WHERE snapshot_id={$id} AND severity='blocker' AND state='open'")->fetch_assoc()['n'];
sql-write-or-schema	app/Otiz/MariaDbSnapshotStore.php	70	$s=$this->db->prepare("UPDATE `{$p}fm2_pilot_otiz_snapshots` SET status='accepted',accepted_at=?,accepted_by_user_id=? WHERE id=?");
sql-read	app/Otiz/MariaDbSnapshotStore.php	72	$hash=$this->db->query("SELECT content_hash FROM `{$p}fm2_pilot_otiz_snapshots` WHERE id={$id}")->fetch_assoc()['content_hash'];
sql-read	app/Otiz/MariaDbSnapshotStore.php	79	return $this->db->query("SELECT * FROM `{$this->prefix}fm2_pilot_otiz_snapshots` ORDER BY id")->fetch_all(MYSQLI_ASSOC);
include	app/PilotHttp/AccessPolicy.php	3	require_once \dirname(__DIR__).'/autoload.php';
include	app/PilotHttp/ChecklistSync.php	3	require_once __DIR__.'/MariaDbInstallationCaseIdResolver.php';require_once __DIR__.'/MariaDbChecklistProjectionStateReader.php';
include	app/PilotHttp/ChecklistSync.php	4	foreach(['InspectionEvidenceClock','InspectionRecording','InspectionEvidenceView','InspectionEvidenceApplication','CompleteInspectionItem','ItemCompletionResult','InstallerEvidence','ItemCompletionEvidence','InspectionItemCommandPolicy','It
include	app/PilotHttp/ChecklistSync.php	5	foreach(['AssignmentOrderApplicationReadResult','AssignmentOrderApplicationReader','AssignmentOrderApplicationPayload','MariaDbAssignmentOrderApplicationSql','MariaDbAssignmentOrderApplicationReader','AssignmentOrderApplicationReaderFactory
sql-read	app/PilotHttp/ChecklistSync.php	36	$s=$this->db->prepare("SELECT client_operation_id,operation_type,section_id,item_id,actor_user_id,device_time,server_received_at,accepted_revision,payload_json,template_snapshot_id,template_snapshot_version,template_content_sha256 FROM `{$t
sql-read	app/PilotHttp/ChecklistSync.php	39	$s=$this->db->prepare("SELECT id,section_id,upload_operation_id,sha256,mime_type,byte_size,original_name,actor_user_id,device_time,server_received_at FROM `{$this->prefix}fm2_checklist_photos` WHERE installation_case_id=? AND revoked_at IS 
sql-write-or-schema	app/PilotHttp/ChecklistSync.php	58	$next=$revision+1;$json=\json_encode($payload,JSON_UNESCAPED_UNICODE|JSON_UNESCAPED_SLASHES|JSON_THROW_ON_ERROR);$s=$this->db->prepare("INSERT INTO `{$this->prefix}fm2_checklist_operations`(installation_case_id,client_operation_id,device_in
sql-read	app/PilotHttp/ChecklistSync.php	114	$existing=$this->db->prepare("SELECT id FROM `{$this->prefix}fm2_checklist_photos` WHERE installation_case_id=? AND section_id=? AND sha256=? AND revoked_at IS NULL LIMIT 1");$existing->bind_param('iis',$caseId,$section,$sha);$existing->exe
sql-read	app/PilotHttp/ChecklistSync.php	115	$count=$this->db->prepare("SELECT COUNT(*) n FROM `{$this->prefix}fm2_checklist_photos` WHERE installation_case_id=? AND section_id=? AND revoked_at IS NULL");$count->bind_param('ii',$caseId,$section);$count->execute();if((int)$count->get_r
sql-write-or-schema	app/PilotHttp/ChecklistSync.php	117	$s=$this->db->prepare("INSERT INTO `{$this->prefix}fm2_checklist_photos`(installation_case_id,section_id,upload_operation_id,sha256,mime_type,byte_size,original_name,storage_name,actor_user_id,device_time,server_received_at) VALUES(?,?,?,?,
sql-write-or-schema	app/PilotHttp/ChecklistSync.php	119	private function revokePhoto(int $caseId,int $section,int $photoId):bool{$s=$this->db->prepare("UPDATE `{$this->prefix}fm2_checklist_photos` SET revoked_at=? WHERE id=? AND installation_case_id=? AND section_id=? AND revoked_at IS NULL");$n
sql-read	app/PilotHttp/ChecklistSync.php	120	private function duplicate(string $id):?array{$s=$this->db->prepare("SELECT accepted_revision FROM `{$this->prefix}fm2_checklist_operations` WHERE client_operation_id=? LIMIT 1");$s->bind_param('s',$id);$s->execute();return $s->get_result()
sql-read	app/PilotHttp/ChecklistSync.php	126	try{$s=$this->db->prepare("SELECT a.effective_at,a.template_snapshot_id,a.template_snapshot_version,a.template_content_sha256,t.snapshot_version,t.valid_from,t.content_sha256 FROM `{$this->prefix}fm2_checklist_template_associations` a JOIN 
sql-read	app/PilotHttp/ChecklistSync.php	135	$s=$this->db->prepare("SELECT oi.installer_tab_id,COALESCE(w.fio,oi.fio_snapshot) fio,COALESCE(w.position,oi.position_snapshot) position,COALESCE(w.employment_status,oi.employment_status_snapshot) employment_status,w.dismissal_effective_at,
sql-write-or-schema	app/PilotHttp/ChecklistSync.php	139	if($crew===[])return;$s=$this->db->prepare("SELECT o.client_operation_id FROM `{$this->prefix}fm2_checklist_operations` o LEFT JOIN `{$this->prefix}fm2_checklist_operation_installers` oi ON oi.client_operation_id=o.client_operation_id WHERE
sql-read	app/PilotHttp/ChecklistSync.php	139	if($crew===[])return;$s=$this->db->prepare("SELECT o.client_operation_id FROM `{$this->prefix}fm2_checklist_operations` o LEFT JOIN `{$this->prefix}fm2_checklist_operation_installers` oi ON oi.client_operation_id=o.client_operation_id WHERE
sql-read	app/PilotHttp/ChecklistSync.php	143	private function case(int $objectId,bool $lock):?array{$sql="SELECT id,process_state FROM `{$this->prefix}fm2_installation_cases` WHERE legacy_installation_object_id=? LIMIT 2".($lock?' FOR UPDATE':'');$s=$this->db->prepare($sql);$s->bind_p
sql-write-or-schema	app/PilotHttp/ChecklistSync.php	144	private function revision(int $caseId,bool $lock=false):int{$this->db->query("INSERT IGNORE INTO `{$this->prefix}fm2_checklist_revisions`(installation_case_id,revision_no,updated_at) VALUES({$caseId},0,'".$this->db->real_escape_string($this
sql-read	app/PilotHttp/ChecklistSync.php	144	private function revision(int $caseId,bool $lock=false):int{$this->db->query("INSERT IGNORE INTO `{$this->prefix}fm2_checklist_revisions`(installation_case_id,revision_no,updated_at) VALUES({$caseId},0,'".$this->db->real_escape_string($this
sql-write-or-schema	app/PilotHttp/ChecklistSync.php	145	private function setRevision(int $caseId,int $revision):void{$s=$this->db->prepare("UPDATE `{$this->prefix}fm2_checklist_revisions` SET revision_no=?,updated_at=? WHERE installation_case_id=?");$now=$this->now;$s->bind_param('isi',$revision
include	app/PilotHttp/CorrelationIdSource.php	1	<?php declare(strict_types=1); require_once __DIR__.'/PilotHttp.php';
include	app/PilotHttp/CssAsset.php	3	require_once __DIR__ . '/PilotHttp.php';
include	app/PilotHttp/CssAssetUnavailable.php	3	require_once __DIR__ . '/PilotHttp.php';
include	app/PilotHttp/CssDescriptor.php	1	<?php declare(strict_types=1); require_once __DIR__.'/PilotHttp.php';
include	app/PilotHttp/CssDescriptorCloseFailed.php	1	<?php declare(strict_types=1); require_once __DIR__.'/PilotHttp.php';
include	app/PilotHttp/CssDescriptorOpener.php	1	<?php declare(strict_types=1); require_once __DIR__.'/PilotHttp.php';
include	app/PilotHttp/EnvironmentSource.php	1	<?php declare(strict_types=1); require_once __DIR__.'/PilotHttp.php';
include	app/PilotHttp/ErrorLogUnexpectedFailureReporter.php	1	<?php declare(strict_types=1); require_once __DIR__.'/PilotHttp.php';
include	app/PilotHttp/ExecutionView.php	4	require_once __DIR__.'/PilotView.php';
include	app/PilotHttp/FreshOrderSelectionView.php	4	require_once __DIR__.'/PilotView.php';
include	app/PilotHttp/HttpUser.php	3	require_once __DIR__ . '/PilotHttp.php';
include	app/PilotHttp/HttpUserDirectory.php	3	require_once __DIR__ . '/PilotHttp.php';
include	app/PilotHttp/InstallerDirectoryView.php	3	require_once __DIR__.'/MariaDbInstallerDirectoryReader.php';
include	app/PilotHttp/InvalidHttpRequest.php	3	require_once __DIR__ . '/PilotHttp.php';
include	app/PilotHttp/InvalidServerIdentity.php	3	require_once __DIR__ . '/PilotHttp.php';
sql-read	app/PilotHttp/MariaDbAppliedObjectCardReader.php	10	$s=$this->db->prepare('SELECT 1 FROM information_schema.TABLES WHERE TABLE_SCHEMA=DATABASE() AND TABLE_NAME=?');
sql-read	app/PilotHttp/MariaDbAppliedObjectCardReader.php	14	if($lookup->status==='not_found'){ $card=$this->previous->read($id);if($card!==null){$q=$this->db->prepare('SELECT 1 FROM `'.$this->prefix.'fm2_pilot_object_details` WHERE object_id=? AND content_sha256=SHA2(payload_json,256)');$q->execute(
sql-read	app/PilotHttp/MariaDbAppliedObjectCardReader.php	18	$s=$this->db->prepare('SELECT process_state,actual_start_date,opened_at,opened_by_user_id FROM `'.$this->prefix.'fm2_installation_cases` WHERE id=?');
sql-read	app/PilotHttp/MariaDbAppliedObjectCardReader.php	22	$revision=$this->db->prepare('SELECT v.byte_size,v.revision_number,v.uploaded_at_utc FROM `'.$this->prefix.'fm2_assignment_order_original_revisions` v JOIN `'.$this->prefix.'fm2_assignment_order_original_roots` r ON r.root_original_id=v.roo
sql-read	app/PilotHttp/MariaDbAppliedObjectCardReader.php	35	if($card===null||$card['opened'])return$card;$sql='SELECT s.assignment_order_id,s.order_version,s.composition_identity,s.composition_sha256,s.control_engineer_user_id,s.control_engineer_fio_snapshot,s.control_engineer_position_snapshot,s.se
sql-read	app/PilotHttp/MariaDbAppliedObjectCardReader.php	41	$names=[];if($ids!==[]){$table=$this->prefix.'fm2_pilot_users';$exists=$this->db->prepare('SELECT 1 FROM information_schema.TABLES WHERE TABLE_SCHEMA=DATABASE() AND TABLE_NAME=?');$exists->execute([$table]);$available=$exists->get_result()-
sql-read	app/PilotHttp/MariaDbChecklistProjectionStateReader.php	12	$statement=$this->db->prepare("SELECT revision_no FROM `{$this->prefix}fm2_checklist_revisions` WHERE installation_case_id=?");
sql-read	app/PilotHttp/MariaDbChecklistProjectionStateReader.php	19	$statement=$this->db->prepare("SELECT oi.client_operation_id,oi.installer_tab_id,oi.fio_snapshot,oi.position_snapshot,oi.employment_status_snapshot,oi.dismissal_effective_at_snapshot,oi.assignment_source FROM `{$this->prefix}fm2_checklist_o
sql-read	app/PilotHttp/MariaDbChecklistRoleAccess.php	9	$s=$this->db->prepare('SELECT u.user_id FROM `'.$this->prefix.'fm2_pilot_users` u JOIN `'.$this->prefix.'fm2_pilot_user_roles` ur ON ur.user_id=u.user_id JOIN `'.$this->prefix."fm2_pilot_roles` r ON r.role_id=ur.role_id WHERE u.user_id=? AN
sql-read	app/PilotHttp/MariaDbConstructionControlQueue.php	13	$completed="EXISTS(SELECT 1 FROM ".$this->table($this->prefix.'fm2_pilot_completion_facts')." pto WHERE pto.installation_case_id=c.id AND pto.fact_type='pto_act') AND EXISTS(SELECT 1 FROM ".$this->table($this->prefix.'fm2_pilot_completion_f
sql-read	app/PilotHttp/MariaDbConstructionControlQueue.php	14	$total=(int)$this->db->query('SELECT COUNT(*) n FROM '.$this->table($this->prefix.'fm2_installation_cases')." WHERE process_state='working'")->fetch_assoc()['n'];
sql-read	app/PilotHttp/MariaDbConstructionControlQueue.php	16	$activityJoin=$hasOperations?' LEFT JOIN (SELECT installation_case_id,MAX(device_time) last_activity_at FROM '.$this->table($this->prefix.'fm2_checklist_operations').' GROUP BY installation_case_id) a ON a.installation_case_id=c.id':'';
sql-read	app/PilotHttp/MariaDbConstructionControlQueue.php	18	$applicationJoin=$hasApplications?' LEFT JOIN '.$this->table($this->prefix.'fm2_assignment_order_applications').' aa ON aa.application_id=(SELECT latest.application_id FROM '.$this->table($this->prefix.'fm2_assignment_order_applications').'
sql-read	app/PilotHttp/MariaDbConstructionControlQueue.php	21	$sql='SELECT c.legacy_installation_object_id object_id,m.ordadr_address address,m.entrance,m.regnumber registration_number,('.$completed.') completed,'.$activitySelect.' last_activity_at,'
sql-read	app/PilotHttp/MariaDbConstructionControlQueue.php	24	.' LEFT JOIN '.$this->table($this->prefix.'fm2_process_events')." e ON e.id=(SELECT MAX(latest.id) FROM ".$this->table($this->prefix.'fm2_process_events')." latest WHERE latest.installation_case_id=c.id AND latest.event_type='control_engine
sql-read	app/PilotHttp/MariaDbConstructionControlQueue.php	30	private function tableExists(string$name):bool{$s=$this->db->prepare('SELECT 1 FROM information_schema.TABLES WHERE TABLE_SCHEMA=DATABASE() AND TABLE_NAME=?');$s->execute([$name]);try{return$s->get_result()->fetch_row()!==null;}finally{$s->
sql-read	app/PilotHttp/MariaDbExecutionPageQuery.php	9	$s=$this->db->prepare('SELECT process_state,actual_start_date FROM `'.$this->prefix.'fm2_installation_cases` WHERE legacy_installation_object_id=?');
include	app/PilotHttp/MariaDbHttpUserDirectory.php	3	require_once __DIR__ . '/PilotHttp.php';
compatibility-reference	app/PilotHttp/MariaDbIdentityBootstrapApplication.php	7	use FMonitor2\RapidPilot\LocalRoleCatalog;
sql-write-or-schema	app/PilotHttp/MariaDbIdentityBootstrapApplication.php	26	$db->query("UPDATE `{$prefix}fm2_pilot_invitations` SET revoked_at=NOW(6) WHERE user_id={$userId} AND used_at IS NULL AND revoked_at IS NULL");
sql-write-or-schema	app/PilotHttp/MariaDbIdentityBootstrapApplication.php	69	$statement = $db->prepare("INSERT INTO `{$prefix}fm2_pilot_users`(full_name,email,phone,status,activation_state,session_version,source_updated_at) VALUES(?,?,'',1,'active',1,?)");
sql-write-or-schema	app/PilotHttp/MariaDbIdentityBootstrapApplication.php	73	$credentials = $db->prepare("INSERT INTO `{$prefix}fm2_pilot_auth_credentials`(user_id,email_normalized,password_hash,password_set_at,updated_at) VALUES(?,?,?,?,?)");
sql-write-or-schema	app/PilotHttp/MariaDbIdentityBootstrapApplication.php	82	$credentials = $db->prepare("UPDATE `{$prefix}fm2_pilot_users` u JOIN `{$prefix}fm2_pilot_auth_credentials` c ON c.user_id=u.user_id SET u.activation_state='active',u.source_updated_at=?,c.password_hash=COALESCE(c.password_hash,?),c.passwor
sql-write-or-schema	app/PilotHttp/MariaDbIdentityBootstrapApplication.php	91	$statement = $db->prepare("INSERT INTO `{$prefix}fm2_pilot_roles`(code,name,description,status,source_updated_at) VALUES(?,?,?,1,?) ON DUPLICATE KEY UPDATE name=VALUES(name),description=VALUES(description),status=1,source_updated_at=VALUES(
sql-read	app/PilotHttp/MariaDbIdentityBootstrapApplication.php	95	$roleId = (int) $db->query("SELECT role_id FROM `{$prefix}fm2_pilot_roles` WHERE code='{$escapedCode}'")->fetch_assoc()['role_id'];
sql-write-or-schema	app/PilotHttp/MariaDbIdentityBootstrapApplication.php	96	$db->query("DELETE FROM `{$prefix}fm2_pilot_role_permissions` WHERE role_id={$roleId}");
sql-write-or-schema	app/PilotHttp/MariaDbIdentityBootstrapApplication.php	97	$permissionInsert = $db->prepare("INSERT INTO `{$prefix}fm2_pilot_role_permissions`(role_id,permission) VALUES(?,?)");
sql-read	app/PilotHttp/MariaDbIdentityBootstrapApplication.php	107	$roleId = (int) $db->query("SELECT role_id FROM `{$prefix}fm2_pilot_roles` WHERE code='{$escapedCode}'")->fetch_assoc()['role_id'];
sql-write-or-schema	app/PilotHttp/MariaDbIdentityBootstrapApplication.php	109	$statement = $db->prepare("INSERT IGNORE INTO `{$prefix}fm2_pilot_user_roles`(user_id,role_id,origin,assigned_at,assigned_by_user_id) VALUES(?,?,?,?,?)");
sql-read	app/PilotHttp/MariaDbIdentityBootstrapApplication.php	115	$statement = $db->prepare("SELECT user_id,status FROM `{$prefix}fm2_pilot_users` WHERE email=? LIMIT 1");
sql-read	app/PilotHttp/MariaDbIdentityBootstrapApplication.php	140	$result = $db->query("SELECT COUNT(*) n FROM `{$prefix}fm2_pilot_users` u JOIN `{$prefix}fm2_pilot_user_roles` ur ON ur.user_id=u.user_id JOIN `{$prefix}fm2_pilot_roles` r ON r.role_id=ur.role_id WHERE u.status=1 AND u.activation_state='act
sql-read	app/PilotHttp/MariaDbInstallationCaseIdResolver.php	21	"SELECT id FROM `{$this->config->processTablePrefix}fm2_installation_cases` "
sql-read	app/PilotHttp/MariaDbInstallerDirectoryReader.php	8	$q=\trim((string)($filters['q']??''));$status=(string)($filters['status']??'');$availability=(string)($filters['availability']??'');$page=\max(1,(int)($filters['page']??1));$limit=50;$offset=($page-1)*$limit;$d=$this->db->real_escape_string
sql-read	app/PilotHttp/MariaDbInstallerDirectoryReader.php	9	try{$summary=$this->db->query("SELECT COUNT(*) total,SUM(w.employment_status='employed') working,SUM({$active}) assigned,MAX(w.workforce_source_updated_at) last_updated FROM `{$this->p}fm2_workforce_catalog` w WHERE w.reconciliation_state='
sql-read	app/PilotHttp/MariaDbLocalAuthRepository.php	8	public function activeUser(int$id,string$email):?array{$s=$this->db->prepare("SELECT u.user_id,u.email FROM `{$this->prefix}fm2_pilot_users` u JOIN `{$this->prefix}fm2_pilot_auth_credentials` c ON c.user_id=u.user_id WHERE u.user_id=? AND u
sql-read	app/PilotHttp/MariaDbLocalAuthRepository.php	9	public function findUser(string$email):?array{$s=$this->db->prepare("SELECT u.user_id,u.full_name,u.status,c.password_hash FROM `{$this->prefix}fm2_pilot_users` u JOIN `{$this->prefix}fm2_pilot_auth_credentials` c ON c.user_id=u.user_id WHE
sql-read	app/PilotHttp/MariaDbLocalAuthRepository.php	10	public function rateLimited(string$email):bool{$s=$this->db->prepare("SELECT COUNT(*) failures FROM `{$this->prefix}fm2_pilot_auth_attempts` WHERE email_normalized=? AND succeeded=0 AND attempted_at>=DATE_SUB(NOW(6),INTERVAL 15 MINUTE)");$s
sql-write-or-schema	app/PilotHttp/MariaDbLocalAuthRepository.php	11	public function recordAttempt(string$email,bool$success):void{$value=$success?1:0;$s=$this->db->prepare("INSERT INTO `{$this->prefix}fm2_pilot_auth_attempts`(email_normalized,succeeded,attempted_at) VALUES(?,?,NOW(6))");$s->bind_param('si',
sql-read	app/PilotHttp/MariaDbLocalUserProfile.php	17	"SELECT user_id,full_name,email FROM `{$table}`"
sql-read	app/PilotHttp/MariaDbLocalUserProfile.php	29	$statement=$this->connection->prepare("SELECT user_id,full_name,email FROM `{$table}` WHERE BINARY email=BINARY ? AND status=1 AND BINARY activation_state=BINARY 'active' LIMIT 2");
sql-read	app/PilotHttp/MariaDbObjectQueue.php	28	$progressCount = "(SELECT COUNT(DISTINCT co.item_id) FROM `{$this->prefix}fm2_checklist_operations` co WHERE co.installation_case_id=c.id AND co.operation_type='item_completed' AND co.item_id<>42)";
sql-read	app/PilotHttp/MariaDbObjectQueue.php	29	$hasPto = "EXISTS(SELECT 1 FROM `{$this->prefix}fm2_pilot_completion_facts` cf WHERE cf.installation_case_id=c.id AND cf.fact_type='pto_act')";
sql-read	app/PilotHttp/MariaDbObjectQueue.php	30	$hasDeclaration = "EXISTS(SELECT 1 FROM `{$this->prefix}fm2_pilot_completion_facts` cf WHERE cf.installation_case_id=c.id AND cf.fact_type='declaration')";
sql-read	app/PilotHttp/MariaDbObjectQueue.php	51	$from = " FROM `{$this->prefix}fm2_installation_cases` c JOIN `{$this->legacyPrefix}fm_maintable` l ON l.id=c.legacy_installation_object_id LEFT JOIN `{$this->prefix}fm2_migration_classification_provenance` m ON m.output_kind='operational_c
sql-read	app/PilotHttp/MariaDbObjectQueue.php	52	$total = (int) $this->db->query("SELECT COUNT(*) n{$from}")->fetch_assoc()['n'];
sql-read	app/PilotHttp/MariaDbObjectQueue.php	58	$rows = $this->db->query("SELECT c.legacy_installation_object_id,c.process_state,c.actual_start_date,c.opened_at,c.opened_by_user_id,l.ordadr_address,l.entrance,l.regnumber,l.workdatestart,l.workdateendadjusted,l.plan_finish_date,o.status o
include	app/PilotHttp/MariaDbOriginalHistoryAccess.php	5	foreach(['AssignmentOrderApplicationReadResult','AssignmentOrderApplicationReader','AssignmentOrderApplicationPayload','MariaDbAssignmentOrderApplicationSql','MariaDbAssignmentOrderApplicationReader','AssignmentOrderApplicationReaderFactory
sql-read	app/PilotHttp/MariaDbOriginalHistoryAccess.php	11	$s=$this->db->prepare('SELECT DISTINCT r.code FROM `'.$this->prefix.'fm2_pilot_users` u JOIN `'.$this->prefix.'fm2_pilot_user_roles` ur ON ur.user_id=u.user_id JOIN `'.$this->prefix.'fm2_pilot_roles` r ON r.role_id=ur.role_id JOIN `'.$this-
include	app/PilotHttp/MariaDbOtizCurrentProgress.php	3	require_once \dirname(__DIR__).'/autoload.php';
sql-read	app/PilotHttp/MariaDbPilotUserDirectory.php	6	public function read():array{try{$users=$this->db->query("SELECT user_id,full_name,email,phone,status,activation_state,source_updated_at FROM `{$this->prefix}fm2_pilot_users` ORDER BY status DESC,full_name,user_id")->fetch_all(MYSQLI_ASSOC)
sql-write-or-schema	app/PilotHttp/MariaDbPilotUserDirectory.php	7	public function changeRole(int$userId,int$roleId,string$action,int$actorId,string$occurredAt):bool{if(!\in_array($action,['attach','detach'],true))return false;$user=$this->one("SELECT user_id FROM `{$this->prefix}fm2_pilot_users` WHERE use
sql-read	app/PilotHttp/MariaDbPilotUserDirectory.php	7	public function changeRole(int$userId,int$roleId,string$action,int$actorId,string$occurredAt):bool{if(!\in_array($action,['attach','detach'],true))return false;$user=$this->one("SELECT user_id FROM `{$this->prefix}fm2_pilot_users` WHERE use
sql-write-or-schema	app/PilotHttp/MariaDbPilotUserDirectory.php	8	public function inviteUser(string$email,string$fullName,int$actorId,string$occurredAt):?array{$email=\mb_strtolower(\trim($email));$fullName=\trim($fullName);if(\filter_var($email,FILTER_VALIDATE_EMAIL)===false||\preg_match('/^[^@]+@shlz\.r
sql-read	app/PilotHttp/MariaDbPilotUserDirectory.php	8	public function inviteUser(string$email,string$fullName,int$actorId,string$occurredAt):?array{$email=\mb_strtolower(\trim($email));$fullName=\trim($fullName);if(\filter_var($email,FILTER_VALIDATE_EMAIL)===false||\preg_match('/^[^@]+@shlz\.r
sql-read	app/PilotHttp/MariaDbPrepareEngineerDirectory.php	10	$sql="SELECT u.id,u.name,c.position_snapshot FROM `{$this->legacyPrefix}users` u JOIN `{$this->legacyPrefix}users_roles` r ON r.id=u.role_id JOIN `{$this->processPrefix}fm2_process_user_capabilities` c ON c.user_id=u.id AND c.capability='co
sql-read	app/PilotHttp/MariaDbPrepareWorkforceDirectory.php	11	$result=$this->connection->query("SELECT {$fields} FROM `{$this->processPrefix}fm2_workforce_catalog` ORDER BY installer_tab_id ASC");
sql-read	app/PilotHttp/MariaDbProcessCapabilityReader.php	16	"SELECT 1 FROM `{$this->processTablePrefix}fm2_process_user_capabilities` "
sql-read	app/PilotHttp/MariaDbUserStatusApplication.php	49	$query = $db->prepare("SELECT status,activation_state FROM `{$prefix}fm2_pilot_users` WHERE user_id=? FOR UPDATE");
sql-write-or-schema	app/PilotHttp/MariaDbUserStatusApplication.php	74	$update = $db->prepare("UPDATE `{$prefix}fm2_pilot_users` SET status=?,activation_state=?,session_version=session_version+1,source_updated_at=? WHERE user_id=?");
sql-write-or-schema	app/PilotHttp/MariaDbUserStatusApplication.php	78	$insert = $db->prepare("INSERT INTO `{$prefix}fm2_pilot_user_status_events`(user_id,action,occurred_at,actor_user_id) VALUES(?,?,?,?)");
sql-read	app/PilotHttp/MariaDbUserStatusApplication.php	85	$membership = $db->prepare("SELECT COUNT(*) n FROM `{$prefix}fm2_pilot_user_roles` ur JOIN `{$prefix}fm2_pilot_roles` r ON r.role_id=ur.role_id WHERE ur.user_id=? AND r.code='superadministrator'");
sql-read	app/PilotHttp/MariaDbUserStatusApplication.php	92	$active = $db->query("SELECT COUNT(DISTINCT u.user_id) n FROM `{$prefix}fm2_pilot_users` u JOIN `{$prefix}fm2_pilot_user_roles` ur ON ur.user_id=u.user_id JOIN `{$prefix}fm2_pilot_roles` r ON r.role_id=ur.role_id WHERE u.status=1 AND u.acti
include	app/PilotHttp/NativePhpFclosePrimitive.php	1	<?php declare(strict_types=1); require_once __DIR__.'/PilotHttp.php';
include	app/PilotHttp/NativePhpStreamCloser.php	1	<?php declare(strict_types=1); require_once __DIR__.'/PilotHttp.php';
include	app/PilotHttp/OriginalHistoryHttpHandler.php	5	require_once __DIR__.'/MariaDbOriginalHistoryAccess.php';
include	app/PilotHttp/OriginalUploadResources.php	5	require_once \dirname(__DIR__).'/AssignmentOrderOriginal/AssignmentOrderOriginalRuntime.php';
include	app/PilotHttp/OriginalUploadResources.php	6	foreach(['AssignmentOrderOriginalHistoryStatus','AssignmentOrderOriginalHistoryPage','AssignmentOrderOriginalHistoryLookup','AssignmentOrderOriginalPreparedDownload','AssignmentOrderOriginalDownloadLookup','AssignmentOrderOriginalHistoryRea
include	app/PilotHttp/OriginalUploadView.php	4	require_once __DIR__.'/PilotView.php';
include	app/PilotHttp/PhpCssDescriptor.php	1	<?php declare(strict_types=1); require_once __DIR__.'/PilotHttp.php';
include	app/PilotHttp/PhpCssDescriptorOpener.php	1	<?php declare(strict_types=1); require_once __DIR__.'/PilotHttp.php';
include	app/PilotHttp/PhpStreamClosePrimitive.php	1	<?php declare(strict_types=1); require_once __DIR__.'/PilotHttp.php';
include	app/PilotHttp/PhpStreamCloser.php	1	<?php declare(strict_types=1); require_once __DIR__.'/PilotHttp.php';
sql-write-or-schema	app/PilotHttp/PilotE2ECoordinator.php	165	[$db,$prefix,,$root,$now]=$this->dependencies->commandResources();$stored=(new ContentAddressedArtifactStore($root))->store($bytes);$db->begin_transaction();try{$q=$db->prepare("SELECT c.id case_id,c.lock_version,o.id order_id,o.status FROM
sql-read	app/PilotHttp/PilotE2ECoordinator.php	165	[$db,$prefix,,$root,$now]=$this->dependencies->commandResources();$stored=(new ContentAddressedArtifactStore($root))->store($bytes);$db->begin_transaction();try{$q=$db->prepare("SELECT c.id case_id,c.lock_version,o.id order_id,o.status FROM
sql-write-or-schema	app/PilotHttp/PilotE2ECoordinator.php	177	[$db,$prefix,,$root,$now]=$this->dependencies->commandResources();$stored=(new ContentAddressedArtifactStore($root))->store($bytes);$db->begin_transaction();try{$q=$db->prepare("SELECT c.id case_id,c.lock_version,o.id order_id,o.status FROM
sql-read	app/PilotHttp/PilotE2ECoordinator.php	177	[$db,$prefix,,$root,$now]=$this->dependencies->commandResources();$stored=(new ContentAddressedArtifactStore($root))->store($bytes);$db->begin_transaction();try{$q=$db->prepare("SELECT c.id case_id,c.lock_version,o.id order_id,o.status FROM
sql-read	app/PilotHttp/PilotE2ECoordinator.php	198	[$db,$prefix]=$this->dependencies->commandResources();$pilotUsers=$prefix.'fm2_pilot_users';$sql="SELECT u.user_id,u.full_name FROM `{$pilotUsers}` u JOIN `{$prefix}fm2_pilot_user_roles` ur ON ur.user_id=u.user_id JOIN `{$prefix}fm2_pilot_r
sql-write-or-schema	app/PilotHttp/PilotE2ECoordinator.php	203	$db->begin_transaction();try{$case=$db->prepare("SELECT id,lock_version FROM `{$prefix}fm2_installation_cases` WHERE legacy_installation_object_id=? LIMIT 2 FOR UPDATE");$case->bind_param('i',$objectId);$case->execute();$rows=$case->get_res
sql-read	app/PilotHttp/PilotE2ECoordinator.php	203	$db->begin_transaction();try{$case=$db->prepare("SELECT id,lock_version FROM `{$prefix}fm2_installation_cases` WHERE legacy_installation_object_id=? LIMIT 2 FOR UPDATE");$case->bind_param('i',$objectId);$case->execute();$rows=$case->get_res
sql-read	app/PilotHttp/PilotE2ECoordinator.php	212	private function revision(array $s,int $id):string{[$db,$prefix]=$this->dependencies->commandResources();$q=$db->prepare("SELECT lock_version FROM `{$prefix}fm2_installation_cases` WHERE legacy_installation_object_id=? LIMIT 2");$q->bind_pa
sql-read	app/PilotHttp/PilotE2ECoordinator.php	253	private function actorName(int $id):string{[$db,$prefix]=$this->dependencies->commandResources();$s=$db->prepare("SELECT full_name FROM `{$prefix}fm2_pilot_users` WHERE user_id=? AND status=1 AND activation_state='active' LIMIT 2");$s->bind
include	app/PilotHttp/PilotHttp.php	6	require_once __DIR__.'/AccessPolicy.php';require_once __DIR__.'/PilotRouteCsp.php';require_once __DIR__.'/MariaDbPrepareEngineerDirectory.php';require_once __DIR__.'/MariaDbPrepareWorkforceDirectory.php';
sql-read	app/PilotHttp/PilotHttp.php	161	if(self::date($processDate)!==$processDate)throw new PilotHttpInfrastructureUnavailable();$cases=$this->many('SELECT id,legacy_installation_object_id,process_state,actual_start_date,opened_at,opened_by_user_id FROM fm2_installation_cases WH
sql-read	app/PilotHttp/PilotHttp.php	163	$address=\trim((string)$l['ordadr_address']);$entrance=\trim((string)$l['entrance']);$registration=\trim((string)$l['regnumber']);$start=self::datePrefix($l['workdatestart']);$finish=self::datePrefix($l['workdateendadjusted'])??self::datePr
sql-read	app/PilotHttp/PilotHttp.php	164	$historyColumns=$this->query("SELECT COLUMN_NAME FROM information_schema.COLUMNS WHERE TABLE_SCHEMA=DATABASE() AND TABLE_NAME='fm2_workforce_catalog' AND COLUMN_NAME IN ('reconciliation_state','last_successful_sync_run_id','last_successful_
sql-read	app/PilotHttp/PilotHttp.php	167	$selected=[];if($changing){$selectedRows=$this->many('SELECT installer_tab_id FROM fm2_order_installers WHERE assignment_order_id=? ORDER BY installer_tab_id',(int)$currentOrders[0]['id']);$selected=\array_map(static fn(array $row):int=>(in
sql-read	app/PilotHttp/PilotHttp.php	202	$pilotUserTable=$this->processPrefix.'fm2_pilot_users';$pilotTable=$this->connection->prepare('SELECT TABLE_NAME FROM information_schema.TABLES WHERE TABLE_SCHEMA=DATABASE() AND TABLE_NAME=? LIMIT 1');$pilotTable->bind_param('s',$pilotUserT
sql-read	app/PilotHttp/PilotHttp.php	203	$case=$this->one('SELECT id,legacy_installation_object_id,process_state,actual_start_date,opened_at,opened_by_user_id FROM fm2_installation_cases WHERE legacy_installation_object_id=? LIMIT 2',$id);
sql-read	app/PilotHttp/PilotHttp.php	204	$table=$this->prefix.'fm_maintable';$column=$this->connection->prepare("SELECT COLUMN_NAME FROM information_schema.COLUMNS WHERE TABLE_SCHEMA=DATABASE() AND TABLE_NAME=? AND COLUMN_NAME IN('ptoactdate','responsstroicontrol')");$column->bind
sql-read	app/PilotHttp/PilotHttp.php	208	$orders=$this->many('SELECT id,installation_case_id,version_no,kind,status,previous_assignment_order_id,order_date,registration_number,registration_source,control_engineer_user_id,control_engineer_fio_snapshot,control_engineer_position_snap
sql-read	app/PilotHttp/PilotHttp.php	243	$installers=$this->many('SELECT assignment_order_id,installer_tab_id,fio_snapshot,position_snapshot,employment_status_snapshot FROM fm2_order_installers WHERE assignment_order_id=? ORDER BY installer_tab_id ASC',(int)$order['id']);
sql-read	app/PilotHttp/PilotHttp.php	250	$eventFields=$hasPilotUsers?'id,installation_case_id,event_type,occurred_at,actor_user_id,payload_json':'id,installation_case_id,event_type,occurred_at,actor_user_id';$events=$this->many("SELECT {$eventFields} FROM fm2_process_events WHERE 
sql-read	app/PilotHttp/PilotHttp.php	261	$table=$this->processPrefix.'fm2_active_case_provenance';$check=$this->connection->prepare('SELECT TABLE_NAME FROM information_schema.TABLES WHERE TABLE_SCHEMA=DATABASE() AND TABLE_NAME=? LIMIT 1');$check->bind_param('s',$table);$check->exe
sql-read	app/PilotHttp/PilotHttp.php	262	$rows=$this->many('SELECT p.legacy_object_id,p.baseline_id,p.baseline_sha256,p.cutover_at,p.template_snapshot_id,p.template_snapshot_version,p.template_content_sha256,b.content_sha256 current_baseline_sha256,b.payload_json,t.snapshot_versio
sql-read	app/PilotHttp/PilotHttp.php	269	$table=$this->processPrefix.'fm2_migration_classification_provenance';$check=$this->connection->prepare('SELECT TABLE_NAME FROM information_schema.TABLES WHERE TABLE_SCHEMA=DATABASE() AND TABLE_NAME=? LIMIT 1');$check->bind_param('s',$table
sql-read	app/PilotHttp/PilotHttp.php	271	private function engineerSnapshot(int $id):?array{$pilotTable=$this->processPrefix.'fm2_pilot_users';$table=$this->connection->prepare('SELECT TABLE_NAME FROM information_schema.TABLES WHERE TABLE_SCHEMA=DATABASE() AND TABLE_NAME=? LIMIT 1'
sql-read	app/PilotHttp/PilotHttp.php	300	try{$names=[$this->processPrefix.'fm2_active_case_provenance',$this->processPrefix.'fm2_legacy_active_baselines',$this->processPrefix.'fm2_migration_classification_provenance'];$quoted=\implode(',',\array_map(fn(string$n):string=>"'".$this-
sql-read	app/PilotHttp/PilotHttp.php	476	public function prepareCommandConfigured():bool{if(!$this->environment instanceof ProcessEnvironmentSource)return false;try{$this->users();$prefix=$this->environment->read('FMONITOR_PROCESS_TABLE_PREFIX');$table=(\is_string($prefix)?$prefix
include	app/PilotHttp/PilotHttp.php	536	require_once __DIR__.'/PilotView.php';
include	app/PilotHttp/PilotHttp.php	537	require_once __DIR__.'/PilotShellView.php';
include	app/PilotHttp/PilotHttp.php	538	require_once __DIR__.'/ObjectListView.php';
include	app/PilotHttp/PilotHttp.php	539	require_once __DIR__.'/ObjectCardView.php';
include	app/PilotHttp/PilotHttp.php	540	require_once __DIR__.'/PrepareFormView.php';
include	app/PilotHttp/PilotHttp.php	541	require_once __DIR__.'/InstallerDirectoryView.php';require_once __DIR__.'/ChecklistView.php';require_once __DIR__.'/PilotSessionView.php';
include	app/PilotHttp/PilotHttpApplication.php	3	require_once __DIR__.'/PilotHttp.php';
include	app/PilotHttp/PilotHttpDependencies.php	1	<?php declare(strict_types=1); require_once __DIR__.'/PilotHttp.php';
include	app/PilotHttp/PilotHttpEntrypoint.php	3	require_once __DIR__.'/PilotHttp.php';
include	app/PilotHttp/PilotHttpInfrastructureUnavailable.php	3	require_once __DIR__ . '/PilotHttp.php';
include	app/PilotHttp/PilotHttpRequest.php	3	require_once __DIR__ . '/PilotHttp.php';
include	app/PilotHttp/PilotHttpRequestFactory.php	3	require_once __DIR__ . '/PilotHttp.php';
include	app/PilotHttp/PilotHttpResponse.php	3	require_once __DIR__ . '/PilotHttp.php';
include	app/PilotHttp/PilotShellRenderer.php	3	require_once __DIR__ . '/PilotHttp.php';
include	app/PilotHttp/ProcessEnvironmentSource.php	1	<?php declare(strict_types=1); require_once __DIR__.'/PilotHttp.php';
include	app/PilotHttp/ProductionPilotHttpDependencies.php	1	<?php declare(strict_types=1); require_once __DIR__.'/PilotHttp.php';
include	app/PilotHttp/ProductionPilotHttpEntrypointFactory.php	3	require_once \dirname(__DIR__) . '/autoload.php';
include	app/PilotHttp/ProductionPilotHttpEntrypointFactory.php	4	require_once __DIR__.'/PilotHttp.php';
include	app/PilotHttp/ProductionPilotHttpEntrypointFactory.php	5	require_once __DIR__.'/PilotHttpApplication.php';
include	app/PilotHttp/ProductionPilotHttpEntrypointFactory.php	6	require_once __DIR__.'/PilotHttpEntrypoint.php';
include	app/PilotHttp/ProductionPilotHttpEntrypointFactory.php	7	require_once __DIR__.'/IdentityPrepareFormRendererDecorator.php';
include	app/PilotHttp/ProductionPilotHttpEntrypointFactory.php	22	require_once __DIR__.'/PilotE2ECoordinator.php';
include	app/PilotHttp/ProductionPilotHttpEntrypointFactory.php	40	require_once __DIR__.'/PilotE2ECoordinator.php';$application=new PilotE2ECoordinator($reads,$identity,$dependencies,$cards,$lists,$forms,$checklists,$owner,$environment);
compatibility-reference	app/PilotHttp/ProductionPilotHttpEntrypointFactory.php	43	private static function localAuth(\FMonitor\IdentityAccess\PilotSessionStorage$owner):\Closure{return static function(array&$server)use($owner):void{if(\is_string($server['REMOTE_USER']??null)&&$server['REMOTE_USER']!=='')return;$path=\pars
include	app/PilotHttp/ProductionPilotHttpEntrypointFactory.php	43	private static function localAuth(\FMonitor\IdentityAccess\PilotSessionStorage$owner):\Closure{return static function(array&$server)use($owner):void{if(\is_string($server['REMOTE_USER']??null)&&$server['REMOTE_USER']!=='')return;$path=\pars
include	app/PilotHttp/ProductionPilotShellRenderer.php	3	require_once __DIR__ . '/PilotHttp.php';
include	app/PilotHttp/RandomCorrelationIdSource.php	1	<?php declare(strict_types=1); require_once __DIR__.'/PilotHttp.php';
include	app/PilotHttp/RemoteUserIdentity.php	3	require_once __DIR__ . '/PilotHttp.php';
include	app/PilotHttp/ShlzCssAsset.php	3	require_once __DIR__ . '/PilotHttp.php';
include	app/PilotHttp/TrustedServerIdentity.php	3	require_once __DIR__ . '/PilotHttp.php';
include	app/PilotHttp/UnexpectedFailureReporter.php	1	<?php declare(strict_types=1); require_once __DIR__.'/PilotHttp.php';
include	app/PilotHttp/UserDirectoryView.php	3	require_once __DIR__.'/MariaDbPilotUserDirectory.php';
include	app/PilotHttp/production-entrypoint.php	3	require_once \dirname(__DIR__) . '/autoload.php';
include	app/PilotHttp/production-entrypoint.php	4	require_once __DIR__.'/PilotHttp.php';
include	app/PilotHttp/production-entrypoint.php	5	require_once __DIR__.'/PilotView.php';
include	app/PilotHttp/production-entrypoint.php	6	require_once __DIR__.'/PilotShellView.php';
include	app/PilotHttp/production-entrypoint.php	7	require_once __DIR__.'/ObjectListView.php';
include	app/PilotHttp/production-entrypoint.php	8	require_once __DIR__.'/ConstructionControlView.php';
include	app/PilotHttp/production-entrypoint.php	9	require_once __DIR__.'/ObjectCardView.php';
include	app/PilotHttp/production-entrypoint.php	10	require_once __DIR__.'/ChecklistView.php';
include	app/PilotHttp/production-entrypoint.php	11	require_once __DIR__.'/PrepareFormView.php';
include	app/PilotHttp/production-entrypoint.php	12	require_once __DIR__.'/InstallerDirectoryView.php';
include	app/PilotHttp/production-entrypoint.php	13	require_once __DIR__.'/UserDirectoryView.php';
include	app/PilotHttp/production-entrypoint.php	14	require_once __DIR__.'/PilotSessionView.php';
include	app/PilotHttp/production-entrypoint.php	15	require_once __DIR__.'/PilotE2ECoordinator.php';
include	app/PilotHttp/production-entrypoint.php	16	require_once __DIR__.'/ProductionPilotHttpEntrypointFactory.php';
compatibility-reference	app/RapidPilot/LocalRoleCatalog.php	3	namespace FMonitor2\RapidPilot;
include	app/RapidPilot/LocalRoleCatalog.php	4	require_once dirname(__DIR__) . '/IdentityAccess/LocalRoleCatalog.php';
compatibility-reference	app/Runtime/RuntimeConfiguration.php	82	'FMONITOR_PILOT_CSS_PATH' => $root . '/rapid-pilot/pilot.css',
compatibility-reference	deploy/runtime/Dockerfile	38	COPY rapid-pilot/tcpdf-autoload.php ./vendor/autoload.php
compatibility-reference	deploy/runtime/compose.yaml	49	command: ["php", "bin/fmonitor2-runtime-prepare.php"]
compatibility-reference	deploy/runtime/compose.yaml	59	command: ["php", "bin/fmonitor2-migrate.php"]
compatibility-reference	deploy/runtime/compose.yaml	105	command: ["php", "bin/fmonitor2-jobs.php", "worker"]
compatibility-reference	deploy/runtime/compose.yaml	140	command: ["php", "bin/fmonitor2-jobs.php", "scheduler"]
sql-read	app/RuntimeRestore/RuntimeRecovery.php	26	$options=self::options($args,['bundle','target-state-root','source-commit','image-reference','image-id'],[]);$config=self::config($env);$bundle=self::path($options['bundle'],true);$target=self::path($options['target-state-root']);if($target
sql-read	app/RuntimeRestore/RuntimeRecovery.php	53	private static function autoIncrement(\mysqli$db,string$prefix):array{$statement=$db->prepare('SELECT TABLE_NAME,AUTO_INCREMENT FROM information_schema.TABLES WHERE TABLE_SCHEMA=DATABASE() AND TABLE_TYPE=\'BASE TABLE\' AND AUTO_INCREMENT IS
sql-read	app/RuntimeRestore/RuntimeRecovery.php	54	private static function schemaTables(\mysqli$db,string$prefix):array{$tables=array_column($db->query("SELECT TABLE_NAME FROM information_schema.TABLES WHERE TABLE_SCHEMA=DATABASE() AND TABLE_TYPE='BASE TABLE' ORDER BY BINARY TABLE_NAME")->f
sql-write-or-schema	app/RuntimeRestore/RuntimeRecovery.php	55	private static function restoreAutoIncrement(\mysqli$db,array$values,string$prefix):void{self::validateAutoIncrement($values,$prefix,null);foreach($values as$row)try{$db->query('ALTER TABLE `'.$row['table'].'` AUTO_INCREMENT='.$row['nextVal
include	app/autoload.php	8	if (\is_file($path)) require_once $path;
include	bin/fmonitor2-import-cases.php	15	require $path;
include	bin/fmonitor2-import-pilot-snapshot.php	2	declare(strict_types=1);spl_autoload_register(static function(string$class):void{$prefix='FMonitor2\\InstallationProcess\\';if(str_starts_with($class,$prefix)){$path=dirname(__DIR__).'/app/InstallationProcess/'.substr($class,strlen($prefix)
include	bin/fmonitor2-job-handler.php	3	require dirname(__DIR__).'/app/autoload.php';
include	bin/fmonitor2-jobs.php	3	require dirname(__DIR__).'/app/autoload.php';
include	bin/fmonitor2-migrate.php	35	require $path;
include	bin/fmonitor2-pilot-demo.php	12	require_once dirname(__DIR__) . '/app/autoload.php';
include	bin/fmonitor2-pilot-demo.php	13	require_once dirname(__DIR__) . '/app/PilotHttp/PilotHttp.php';
compatibility-reference	bin/fmonitor2-pilot-demo.php	14	require_once dirname(__DIR__) . '/rapid-pilot/verify-visual-contract.php';
include	bin/fmonitor2-pilot-demo.php	14	require_once dirname(__DIR__) . '/rapid-pilot/verify-visual-contract.php';
include	bin/fmonitor2-pilot-demo.php	30	// Current native actions require one namespace; historical split generations stay untouched.
sql-read	bin/fmonitor2-pilot-demo.php	78	$result = $db->query("SELECT TABLE_NAME FROM information_schema.TABLES WHERE TABLE_SCHEMA=DATABASE() AND TABLE_NAME LIKE '{$like}' ESCAPE '\\\\' ORDER BY TABLE_NAME");
sql-read	bin/fmonitor2-pilot-demo.php	84	$statement=$db->prepare('SELECT TABLE_COMMENT FROM information_schema.TABLES WHERE TABLE_SCHEMA=DATABASE() AND TABLE_NAME=? LIMIT 1');
sql-read	bin/fmonitor2-pilot-demo.php	158	$legacyRows=$db->query("SELECT id,regnumber,ordadr_address,entrance,workdatestart,workdateendadjusted,responsstroicontrol FROM `{$owner['legacyPrefix']}fm_maintable` WHERE id IN(4512,4999) ORDER BY id")->fetch_all(MYSQLI_ASSOC);
sql-read	bin/fmonitor2-pilot-demo.php	163	$people=$db->query("SELECT id,name,email,role_id,status FROM `{$owner['legacyPrefix']}users` WHERE id IN(18,73) ORDER BY id")->fetch_all(MYSQLI_ASSOC);
sql-read	bin/fmonitor2-pilot-demo.php	168	$workforceCount=(int)$db->query("SELECT COUNT(*) n FROM `{$owner['processPrefix']}fm2_workforce_catalog` WHERE reconciliation_state='delivered'")->fetch_assoc()['n'];
compatibility-reference	bin/fmonitor2-pilot-demo.php	285	$pilotCss = realpath((string)$repo . '/rapid-pilot/pilot.css');
compatibility-reference	bin/fmonitor2-pilot-demo.php	311	if(verifyRapidPilotVisualContract($repo)!==[])demoFailure('VISUAL_CONTRACT_INVALID',78);
include	bin/fmonitor2-prepare-bitrix-config.php	4	require dirname(__DIR__) . '/app/autoload.php';
include	bin/fmonitor2-provision-initial-admin.php	3	require dirname(__DIR__).'/app/autoload.php';
include	bin/fmonitor2-runtime-check.php	5	require_once dirname(__DIR__) . '/app/autoload.php';
include	bin/fmonitor2-runtime-prepare.php	5	require_once dirname(__DIR__) . '/app/autoload.php';
include	bin/fmonitor2-runtime-recovery.php	3	require dirname(__DIR__).'/app/autoload.php';
include	bin/fmonitor2-sync-workforce.php	3	require dirname(__DIR__).'/app/autoload.php';
include	bin/pilot-session-storage-inspect.php	3	spl_autoload_register(static function(string$c):void{$p='FMonitor\\IdentityAccess\\';if(str_starts_with($c,$p)){$f=dirname(__DIR__).'/app/IdentityAccess/'.substr($c,strlen($p)).'.php';if(is_file($f))require_once$f;}});
include	public/router.php	4	$entrypoint = require dirname(__DIR__) . '/app/PilotHttp/production-entrypoint.php';
compatibility-reference	public/router.php	36	$fontPath=dirname(__DIR__).'/rapid-pilot/fonts/'.$fontMatch[1];
include	public/runtime.php	5	require_once dirname(__DIR__) . '/app/autoload.php';
compatibility-reference	public/runtime.php	40	require dirname(__DIR__) . '/rapid-pilot/router.php';
include	public/runtime.php	40	require dirname(__DIR__) . '/rapid-pilot/router.php';
compatibility-reference	rapid-pilot/Calendar.php	9	final class RapidPilotCalendar
compatibility-reference	rapid-pilot/Calendar.php	52	$html = RapidPilotShell::decorate($html, (string) ($_SERVER['FMONITOR_AUTH_CSRF'] ?? ''), true, RapidPilotOtiz::currentUserCanAccess(), false);
sql-read	rapid-pilot/Calendar.php	102	$statement = $this->db->prepare("SELECT user_id,full_name,email FROM `{$this->processPrefix}fm2_pilot_users` WHERE user_id=? AND status=1 LIMIT 1");
compatibility-reference	rapid-pilot/Calendar.php	114	RapidPilotInspectionSchedule::assertSchemaReady($this->db,$p);
sql-read	rapid-pilot/Calendar.php	116	$legacyBase="SELECT m.id object_id,m.ordadr_address address,m.entrance,m.regnumber,COALESCE(c.process_state,'') event_status,%s event_date,'' identity,'' task_type FROM `{$l}fm_maintable` m LEFT JOIN `{$p}fm2_installation_cases` c ON c.lega
sql-read	rapid-pilot/Calendar.php	127	$inspectionSql="SELECT s.legacy_object_id object_id,m.ordadr_address address,m.entrance,m.regnumber,'scheduled' event_status,s.inspection_date event_date,CAST(s.id AS CHAR) identity,'' task_type FROM `{$p}fm2_pilot_inspection_schedules` s J
include	rapid-pilot/CompletionFlow.php	4	require_once dirname(__DIR__).'/app/InstallationProcess/MariaDbInstallationCompletion.php';
include	rapid-pilot/CompletionFlow.php	5	require_once dirname(__DIR__).'/app/InstallationProcess/InstallationCompletionDetailsSchemaMigration.php';
include	rapid-pilot/CompletionFlow.php	6	require_once dirname(__DIR__).'/app/InspectionEvidence/MariaDbChecklistProgress.php';
compatibility-reference	rapid-pilot/CompletionFlow.php	8	final class RapidPilotCompletionFlow
sql-read	rapid-pilot/CompletionFlow.php	69	if($objects===[])return[];self::assertSchemaReady($db,$prefix);$objectIds=array_map('intval',array_column($objects,'id'));$idList=implode(',',$objectIds);$cases=$db->query("SELECT id,legacy_installation_object_id FROM `{$prefix}fm2_installa
sql-read	rapid-pilot/CompletionFlow.php	71	$factTypes=[];$factRows=$db->query("SELECT installation_case_id,fact_type FROM `{$prefix}fm2_pilot_completion_facts` WHERE installation_case_id IN({$caseList})")->fetch_all(MYSQLI_ASSOC);foreach($factRows as$row)$factTypes[(int)$row['instal
sql-read	rapid-pilot/CompletionFlow.php	135	private static function case(mysqli$db,string$p,int$id,bool$lock):?array{$s=$db->prepare("SELECT id,process_state FROM `{$p}fm2_installation_cases` WHERE legacy_installation_object_id=? LIMIT 2".($lock?' FOR UPDATE':''));$s->bind_param('i',
sql-read	rapid-pilot/CompletionFlow.php	136	private static function actorId(mysqli$db,string$p):int{$userId=filter_var($_SERVER['FMONITOR_AUTH_USER_ID']??null,FILTER_VALIDATE_INT,['options'=>['min_range'=>1]]);if($userId===false)self::plain(403,'Пользователь не найден.');$s=$db->prep
compatibility-reference	rapid-pilot/FileTypeAsset.php	5	final class RapidPilotFileTypeAsset
compatibility-reference	rapid-pilot/IdentityBootstrap.php	4	require_once dirname(__DIR__).'/app/RapidPilot/LocalRoleCatalog.php';
include	rapid-pilot/IdentityBootstrap.php	4	require_once dirname(__DIR__).'/app/RapidPilot/LocalRoleCatalog.php';
include	rapid-pilot/IdentityBootstrap.php	5	require_once dirname(__DIR__).'/app/InstallationProcess/MariaDbSchemaInspector.php';
include	rapid-pilot/IdentityBootstrap.php	6	require_once dirname(__DIR__).'/app/InstallationProcess/IdentityAccessDefinitionSchemaMigration.php';
include	rapid-pilot/IdentityBootstrap.php	7	require_once dirname(__DIR__).'/app/InstallationProcess/IdentityAccessSchemaMigration.php';
include	rapid-pilot/IdentityBootstrap.php	8	require_once dirname(__DIR__).'/app/PilotHttp/MariaDbIdentityBootstrapApplication.php';
compatibility-reference	rapid-pilot/IdentityBootstrap.php	11	final class RapidPilotIdentityBootstrap
compatibility-reference	rapid-pilot/docker-entrypoint.sh	9	FMONITOR_PROCESS_TABLE_PREFIX="$pilot_prefix" php bin/fmonitor2-migrate.php
compatibility-reference	rapid-pilot/docker-entrypoint.sh	10	FMONITOR_BOOTSTRAP_PROCESS_PREFIX="$pilot_prefix" FMONITOR_BOOTSTRAP_LEGACY_PREFIX="$pilot_prefix" php rapid-pilot/docker-bootstrap.php
compatibility-reference	rapid-pilot/docker-entrypoint.sh	12	exec php rapid-pilot/start.php
compatibility-reference	rapid-pilot/InspectionSchedule.php	5	final class RapidPilotInspectionSchedule
sql-read	rapid-pilot/InspectionSchedule.php	32	$query = $db->prepare("SELECT c.id,o.control_engineer_user_id FROM `{$prefix}fm2_installation_cases` c JOIN `{$prefix}fm2_assignment_orders` o ON o.installation_case_id=c.id AND o.version_no=(SELECT MAX(x.version_no) FROM `{$prefix}fm2_assi
sql-write-or-schema	rapid-pilot/InspectionSchedule.php	37	$insert = $db->prepare("INSERT IGNORE INTO `{$prefix}fm2_pilot_inspection_schedules`(installation_case_id,legacy_object_id,control_engineer_user_id,inspection_date,scheduled_by_user_id,scheduled_at) VALUES(?,?,?,?,?,?)");
sql-write-or-schema	rapid-pilot/InspectionSchedule.php	42	$event = $db->prepare("INSERT INTO `{$prefix}fm2_pilot_inspection_schedule_events`(schedule_id,installation_case_id,event_type,payload_json,actor_user_id,occurred_at) VALUES(?,?,'inspection_scheduled',?,?,?)");
include	rapid-pilot/InspectionSchedule.php	57	require_once dirname(__DIR__).'/app/InstallationProcess/InspectionPlanningSchemaMigration.php';
include	rapid-pilot/InspectionSchedule.php	65	require_once dirname(__DIR__).'/app/PilotHttp/AccessPolicy.php';return \FMonitor2\PilotHttp\AccessPolicy::grants(\FMonitor2\PilotHttp\AccessPolicy::forUser($db,$prefix,$userId),'inspection.schedule');
sql-read	rapid-pilot/InspectionSchedule.php	82	$prefix=self::prefix();$db=self::db();try{self::assertSchemaReady($db,$prefix);$today=self::now()->format('Y-m-d');$s=$db->prepare("SELECT legacy_object_id FROM `{$prefix}fm2_pilot_inspection_schedules` WHERE inspection_date=?");$s->bind_pa
include	rapid-pilot/LocalAuth.php	3	require_once dirname(__DIR__).'/app/autoload.php';
include	rapid-pilot/LocalAuth.php	4	require_once dirname(__DIR__).'/app/PilotHttp/PilotHttp.php';
include	rapid-pilot/LocalAuth.php	5	require_once dirname(__DIR__).'/app/PilotHttp/LazyPilotSessionStorage.php';
include	rapid-pilot/LocalAuth.php	6	require_once dirname(__DIR__).'/app/PilotHttp/PilotSessionPayloadCodec.php';
compatibility-reference	rapid-pilot/LocalAuth.php	8	final class RapidPilotLocalAuth
sql-read	rapid-pilot/LocalAuth.php	72	$token=(string)($_POST['token']??$_GET['token']??'');$error=preg_match('/^[A-Za-z0-9_-]{43}$/D',$token)===1?'':'Ссылка активации недействительна или истекла.';$inviteEmail='';if($error===''){$hash=hash('sha256',$token,true);$lookup=$this->d
sql-write-or-schema	rapid-pilot/LocalAuth.php	73	if(($_SERVER['REQUEST_METHOD']??'GET')==='POST'&&$error===''){$hash=hash('sha256',$token,true);$this->db->begin_transaction();try{$s=$this->db->prepare("SELECT i.id,i.user_id,u.email FROM `{$this->prefix}fm2_pilot_invitations` i JOIN `{$thi
sql-read	rapid-pilot/LocalAuth.php	73	if(($_SERVER['REQUEST_METHOD']??'GET')==='POST'&&$error===''){$hash=hash('sha256',$token,true);$this->db->begin_transaction();try{$s=$this->db->prepare("SELECT i.id,i.user_id,u.email FROM `{$this->prefix}fm2_pilot_invitations` i JOIN `{$thi
include	rapid-pilot/NativeOperationalPremiumInputs.php	3	require_once dirname(__DIR__,1).'/app/autoload.php';
include	rapid-pilot/NativePremiumNorms.php	3	require_once dirname(__DIR__,1).'/app/autoload.php';
compatibility-reference	rapid-pilot/ObjectDetails.php	5	final class RapidPilotObjectDetails
sql-read	rapid-pilot/ObjectDetails.php	41	try{$db=new mysqli(getenv('FMONITOR_DB_HOST')?:'127.0.0.1',(string)getenv('FMONITOR_DB_USER'),(string)getenv('FMONITOR_DB_PASSWORD'),(string)getenv('FMONITOR_DB_NAME'),(int)(getenv('FMONITOR_DB_PORT')?:3306));$db->set_charset('utf8mb4');$sq
sql-read	rapid-pilot/ObjectDetails.php	81	$statement = $db->prepare("SELECT payload_json,captured_at FROM `{$prefix}fm2_pilot_object_details` WHERE object_id=? LIMIT 1");
sql-read	rapid-pilot/ObjectDetails.php	88	$team=$db->prepare("SELECT oi.installer_tab_id,oi.fio_snapshot,oi.employment_status_snapshot,w.employment_status FROM `{$prefix}fm2_order_installers` oi JOIN `{$prefix}fm2_assignment_orders` o ON o.id=oi.assignment_order_id JOIN `{$prefix}f
sql-read	rapid-pilot/ObjectDetails.php	89	$history=$db->prepare("SELECT o.version_no,o.kind,o.status,o.order_date,o.registration_number,o.prepared_at,a.artifact_type,a.filename,a.byte_size FROM `{$prefix}fm2_assignment_orders` o JOIN `{$prefix}fm2_installation_cases` c ON c.id=o.in
compatibility-reference	rapid-pilot/ObjectQueue.php	5	final class RapidPilotObjectQueue
include	rapid-pilot/ObjectQueue.php	12	require_once dirname(__DIR__) . '/app/PilotHttp/PilotHttp.php';
include	rapid-pilot/ObjectQueue.php	13	require_once dirname(__DIR__) . '/app/PilotHttp/PilotView.php';
include	rapid-pilot/ObjectQueue.php	14	require_once dirname(__DIR__) . '/app/PilotHttp/ObjectListView.php';
include	rapid-pilot/ObjectQueue.php	15	require_once dirname(__DIR__) . '/app/PilotHttp/ChecklistSync.php';
include	rapid-pilot/ObjectQueue.php	16	require_once dirname(__DIR__) . '/app/PilotHttp/MariaDbObjectQueue.php';
sql-read	rapid-pilot/ObjectQueue.php	20	$userId=filter_var($_SERVER['FMONITOR_AUTH_USER_ID']??null,FILTER_VALIDATE_INT,['options'=>['min_range'=>1]]);if($userId===false)throw new RuntimeException('AUTHENTICATED_USER_ID_MISSING');$userQuery=$db->prepare("SELECT user_id,full_name,e
compatibility-reference	rapid-pilot/ObjectQueue.php	21	$q=trim((string)($_GET['q']??''));$status=(string)($_GET['status']??'');$page=filter_var($_GET['page']??1,FILTER_VALIDATE_INT,['options'=>['min_range'=>1]]);if($page===false)throw new RuntimeException('OBJECT_QUEUE_FILTER_INVALID');RapidPil
compatibility-reference	rapid-pilot/ObjectQueue.php	23	foreach($objects as&$object){if(($object['status']??null)==='Распоряжение подготовлено')$object['status']='Требуется распоряжение';$status=(string)$object['status'];$object['nextStep']=($allowed[$status]??($status==='В работе'))?match($stat
compatibility-reference	rapid-pilot/ObjectQueue.php	24	$html=self::render($user,$objects,$filters,$canSchedule,(string)($_SERVER['FMONITOR_AUTH_CSRF']??''));$html=RapidPilotCompletionFlow::paintStatuses($html);$html=RapidPilotShell::decorate($html,(string)($_SERVER['FMONITOR_AUTH_CSRF']??''),fa
compatibility-reference	rapid-pilot/ObjectQueue.php	35	if($objects===[]){$body='<div class="fm2-page-header fm2-page-header--queue"><div><h1>Объекты монтажа</h1><p>Контроль подготовки и открытия монтажных работ</p></div><span class="fm2-result-count">0 объектов</span></div><section class="fm2-l
include	rapid-pilot/Otiz.php	5	require_once dirname(__DIR__).'/app/autoload.php';
include	rapid-pilot/Otiz.php	6	require_once __DIR__ . '/legacy-migration/MigratedEvidenceReconciliation.php';
include	rapid-pilot/Otiz.php	7	require_once __DIR__ . '/legacy-migration/MigratedEvidenceDecisionLedger.php';
include	rapid-pilot/Otiz.php	8	require_once __DIR__ . '/legacy-migration/OtizMigratedEvidenceInputs.php';
include	rapid-pilot/Otiz.php	9	require_once __DIR__ . '/legacy-migration/PremiumCalculation.php';
include	rapid-pilot/Otiz.php	10	require_once __DIR__ . '/NativeOperationalPremiumInputs.php';
include	rapid-pilot/Otiz.php	11	require_once dirname(__DIR__) . '/app/PilotHttp/AccessPolicy.php';
include	rapid-pilot/Otiz.php	12	require_once dirname(__DIR__) . '/app/PilotHttp/MariaDbOtizCurrentProgress.php';
include	rapid-pilot/Otiz.php	13	require_once __DIR__ . '/legacy-migration/HistoricalPremiumReplayReadModel.php';
include	rapid-pilot/Otiz.php	14	require_once __DIR__ . '/legacy-migration/LegacyActiveBaselineReadModel.php';
include	rapid-pilot/Otiz.php	15	require_once __DIR__ . '/legacy-migration/MigrationQuarantineReadModel.php';
include	rapid-pilot/Otiz.php	16	require_once __DIR__ . '/legacy-migration/MigrationQuarantineDecisionLedger.php';
compatibility-reference	rapid-pilot/Otiz.php	18	final class RapidPilotOtiz
sql-read	rapid-pilot/Otiz.php	38	$statement = $this->db->prepare("SELECT user_id,full_name FROM `{$this->prefix}fm2_pilot_users` WHERE user_id=? AND status=1 LIMIT 1");
sql-read	rapid-pilot/Otiz.php	59	$db->set_charset('utf8mb4'); $statement = $db->prepare("SELECT user_id FROM `{$prefix}fm2_pilot_users` WHERE user_id=? AND status=1 LIMIT 1");
sql-read	rapid-pilot/Otiz.php	143	$snapshot = $this->db->query("SELECT status FROM `{$this->prefix}fm2_pilot_otiz_snapshots` WHERE id={$snapshotId} LIMIT 1 FOR UPDATE")->fetch_assoc();
sql-read	rapid-pilot/Otiz.php	146	$object = $this->db->query("SELECT pool_cents,calculation_state FROM `{$this->prefix}fm2_pilot_otiz_snapshot_objects` WHERE snapshot_id={$snapshotId} AND object_id={$objectId} LIMIT 1 FOR UPDATE")->fetch_assoc();
sql-read	rapid-pilot/Otiz.php	147	$closed = (int) $this->db->query("SELECT COALESCE(SUM(paid_cents+discipline_cents+deadline_cents),0) n FROM `{$this->prefix}fm2_pilot_otiz_payment_closures` WHERE snapshot_id={$snapshotId} AND object_id={$objectId}")->fetch_assoc()['n'];
sql-write-or-schema	rapid-pilot/Otiz.php	149	$now = $this->now(); $date = substr($now, 0, 10); $s = $this->db->prepare("INSERT INTO `{$this->prefix}fm2_pilot_otiz_payment_closures`(snapshot_id,object_id,closed_on,paid_cents,discipline_cents,deadline_cents,basis,artifact,created_by_use
sql-read	rapid-pilot/Otiz.php	154	$snapshot=$this->db->query("SELECT status FROM `{$this->prefix}fm2_pilot_otiz_snapshots` WHERE id={$snapshotId} LIMIT 1 FOR UPDATE")->fetch_assoc();
sql-read	rapid-pilot/Otiz.php	157	$objects=$this->db->query("SELECT object_id,pool_cents,calculation_state FROM `{$this->prefix}fm2_pilot_otiz_snapshot_objects` WHERE snapshot_id={$snapshotId} ORDER BY object_id FOR UPDATE")->fetch_all(MYSQLI_ASSOC);
sql-write-or-schema	rapid-pilot/Otiz.php	159	$insert=$this->db->prepare("INSERT INTO `{$this->prefix}fm2_pilot_otiz_payment_closures`(snapshot_id,object_id,closed_on,paid_cents,discipline_cents,deadline_cents,basis,artifact,created_by_user_id,created_at,reverses_payment_closure_id) VA
sql-read	rapid-pilot/Otiz.php	160	foreach($objects as$object){if($object['calculation_state']==='blocked')continue;$objectId=(int)$object['object_id'];$closed=(int)$this->db->query("SELECT COALESCE(SUM(paid_cents+discipline_cents+deadline_cents),0) n FROM `{$this->prefix}fm
sql-read	rapid-pilot/Otiz.php	168	$closure = $this->db->query("SELECT * FROM `{$this->prefix}fm2_pilot_otiz_payment_closures` WHERE id={$closureId} LIMIT 1 FOR UPDATE")->fetch_assoc();
sql-read	rapid-pilot/Otiz.php	170	$exists = (int) $this->db->query("SELECT COUNT(*) n FROM `{$this->prefix}fm2_pilot_otiz_payment_closures` WHERE reverses_payment_closure_id={$closureId}")->fetch_assoc()['n'];
sql-write-or-schema	rapid-pilot/Otiz.php	173	$s = $this->db->prepare("INSERT INTO `{$this->prefix}fm2_pilot_otiz_payment_closures`(snapshot_id,object_id,closed_on,paid_cents,discipline_cents,deadline_cents,basis,artifact,created_by_user_id,created_at,reverses_payment_closure_id) VALUE
sql-read	rapid-pilot/Otiz.php	192	$latest = $this->db->query("SELECT * FROM `{$this->prefix}fm2_pilot_otiz_snapshots` ORDER BY id DESC LIMIT 1")->fetch_assoc();
sql-read	rapid-pilot/Otiz.php	196	$closed = (int)$this->db->query("SELECT COALESCE(SUM(paid_cents+discipline_cents+deadline_cents),0) n FROM `{$this->prefix}fm2_pilot_otiz_payment_closures` WHERE snapshot_id=".(int)$latest['id'])->fetch_assoc()['n'];
sql-read	rapid-pilot/Otiz.php	208	$s = $this->snapshotRow($id); $objects = $this->db->query("SELECT * FROM `{$this->prefix}fm2_pilot_otiz_snapshot_objects` WHERE snapshot_id={$id} ORDER BY FIELD(calculation_state,'blocked','ready','no_new_amount','completed'),regnumber")->f
sql-read	rapid-pilot/Otiz.php	209	$blockers = (int) $this->db->query("SELECT COUNT(*) n FROM `{$this->prefix}fm2_pilot_otiz_snapshot_issues` WHERE snapshot_id={$id} AND severity='blocker' AND state='open'")->fetch_assoc()['n'];
sql-read	rapid-pilot/Otiz.php	210	$payable=0;$deadlinePenalty=0;$closedByObject=[];foreach($objects as$object){$closed=(int)$this->db->query("SELECT COALESCE(SUM(paid_cents+discipline_cents+deadline_cents),0) n FROM `{$this->prefix}fm2_pilot_otiz_payment_closures` WHERE sna
sql-read	rapid-pilot/Otiz.php	222	$issues = $this->db->query("SELECT * FROM `{$this->prefix}fm2_pilot_otiz_snapshot_issues` WHERE snapshot_id={$id} AND object_id=" . (int) $o['object_id'] . " ORDER BY FIELD(severity,'blocker','warning')")->fetch_all(MYSQLI_ASSOC);
sql-read	rapid-pilot/Otiz.php	234	$rows = $this->db->query("SELECT * FROM `{$this->prefix}fm2_pilot_otiz_snapshots` ORDER BY report_date DESC,id DESC")->fetch_all(MYSQLI_ASSOC);
sql-read	rapid-pilot/Otiz.php	424	$objects = $this->db->query("SELECT * FROM `{$this->prefix}fm2_pilot_otiz_snapshot_objects` WHERE snapshot_id={$id} ORDER BY regnumber")->fetch_all(MYSQLI_ASSOC);
sql-read	rapid-pilot/Otiz.php	425	$allocations = $this->db->query("SELECT * FROM `{$this->prefix}fm2_pilot_otiz_snapshot_allocations` WHERE snapshot_id={$id} ORDER BY object_id,full_name")->fetch_all(MYSQLI_ASSOC);
sql-read	rapid-pilot/Otiz.php	426	$issues = $this->db->query("SELECT * FROM `{$this->prefix}fm2_pilot_otiz_snapshot_issues` WHERE snapshot_id={$id} ORDER BY object_id,severity")->fetch_all(MYSQLI_ASSOC);
compatibility-reference	rapid-pilot/Otiz.php	446	$html = RapidPilotShell::decorate($html, $this->csrf, false, true, true);
sql-read	rapid-pilot/Otiz.php	459	$rows = $this->db->query("SELECT * FROM `{$this->prefix}fm2_pilot_otiz_snapshot_allocations` WHERE snapshot_id={$snapshotId} AND object_id={$objectId} ORDER BY amount_cents DESC,full_name")->fetch_all(MYSQLI_ASSOC); $html = '<div class="fm2
sql-read	rapid-pilot/Otiz.php	474	$closed = (int) $this->db->query("SELECT COALESCE(SUM(paid_cents+discipline_cents+deadline_cents),0) n FROM `{$this->prefix}fm2_pilot_otiz_payment_closures` WHERE snapshot_id={$snapshotId} AND object_id={$objectId}")->fetch_assoc()['n'];
sql-read	rapid-pilot/Otiz.php	483	$rows = $this->db->query("SELECT c.*,o.regnumber,o.accrued_cents,o.inputs_json FROM `{$this->prefix}fm2_pilot_otiz_payment_closures` c JOIN `{$this->prefix}fm2_pilot_otiz_snapshot_objects` o ON o.snapshot_id=c.snapshot_id AND o.object_id=c.
sql-read	rapid-pilot/Otiz.php	492	$rows=$this->db->query("SELECT * FROM `{$this->prefix}fm2_pilot_otiz_snapshot_evidence` WHERE snapshot_id={$snapshotId} ORDER BY FIELD(admission_state,'excluded','confirmed_not_mapped'),legacy_object_id")->fetch_all(MYSQLI_ASSOC);
sql-write-or-schema	rapid-pilot/Otiz.php	518	private function event(?int $snapshotId,?int $objectId,string $type,array $payload): void { $json=json_encode($payload,JSON_UNESCAPED_UNICODE|JSON_THROW_ON_ERROR);$now=$this->now();$s=$this->db->prepare("INSERT INTO `{$this->prefix}fm2_pilo
sql-read	rapid-pilot/Otiz.php	519	private function snapshotRow(int $id): array { $row=$this->db->query("SELECT * FROM `{$this->prefix}fm2_pilot_otiz_snapshots` WHERE id={$id} LIMIT 1")->fetch_assoc(); if(!is_array($row))$this->fail(404,'Расчёт не найден.'); return $row; }
compatibility-reference	rapid-pilot/Shell.php	5	final class RapidPilotShell
compatibility-reference	rapid-pilot/Shell.php	9	if ($otizAllowed) $html = RapidPilotOtiz::decorateNavigation($html, $otizActive);
compatibility-reference	rapid-pilot/Shell.php	10	$html = RapidPilotCalendar::decorateNavigation($html, $calendarActive);
compatibility-reference	rapid-pilot/UserAccessView.php	5	final class RapidPilotUserAccessView
include	rapid-pilot/UserAccessView.php	63	$actorId=(int)($_SERVER['FMONITOR_AUTH_USER_ID']??0);$csrf=(string)($_POST['csrfToken']??'');$expected=(string)($_SERVER['FMONITOR_AUTH_CSRF']??'');$action=(string)($_POST['action']??'');if($actorId<1||$userId<1||$userId===$actorId||$csrf==
sql-read	rapid-pilot/UserAccessView.php	118	$sql = "SELECT ur.user_id,r.name,rp.permission FROM `{$prefix}fm2_pilot_user_roles` ur JOIN `{$prefix}fm2_pilot_roles` r ON r.role_id=ur.role_id AND r.status=1 JOIN `{$prefix}fm2_pilot_role_permissions` rp ON rp.role_id=r.role_id ORDER BY u
sql-read	rapid-pilot/UserAccessView.php	130	private static function readUserStates():array{$db=self::db();$p=self::prefix();$out=[];try{foreach($db->query("SELECT user_id,status,activation_state FROM `{$p}fm2_pilot_users`")->fetch_all(MYSQLI_ASSOC)as$r)$out[(int)$r['user_id']]=(int)$
sql-read	rapid-pilot/backfill-migrated-evidence-projection.php	2	declare(strict_types=1);require_once __DIR__.'/legacy-migration/MigratedEvidenceProjectionStore.php';function projectionEnv(string$n):string{$v=getenv($n);if(!is_string($v)||$v==='')throw new RuntimeException("Missing {$n}");return$v;}$appl
include	rapid-pilot/backfill-migrated-evidence-projection.php	2	declare(strict_types=1);require_once __DIR__.'/legacy-migration/MigratedEvidenceProjectionStore.php';function projectionEnv(string$n):string{$v=getenv($n);if(!is_string($v)||$v==='')throw new RuntimeException("Missing {$n}");return$v;}$appl
include	rapid-pilot/batch-import-legacy-active.php	5	require_once __DIR__.'/legacy-migration/LegacyMigrationRouter.php';
include	rapid-pilot/batch-import-legacy-active.php	6	require_once __DIR__.'/legacy-migration/ChecklistTemplateAssociation.php';
sql-read	rapid-pilot/batch-import-legacy-active.php	13	$template=$target->query("SELECT snapshot_version,valid_from,content_sha256 FROM `{$prefix}fm2_checklist_template_snapshots` WHERE id=".(int)$snapshotId)->fetch_assoc();if(!is_array($template))throw new OutOfBoundsException('CHECKLIST_TEMPL
sql-read	rapid-pilot/batch-import-legacy-active.php	17	try{$q=$source->prepare('SELECT id,ordadr_address,entrance,regnumber,CASE WHEN factworkstartdate<=? THEN factworkstartdate ELSE NULL END factworkstartdate,CASE WHEN ptoactdate<=? THEN ptoactdate ELSE NULL END ptoactdate,object_status,fact_p
sql-read	rapid-pilot/batch-import-legacy-active.php	18	if($rows!==[]){$first=(int)$rows[0]['id'];$last=(int)$rows[array_key_last($rows)]['id'];$x=$source->prepare('SELECT value_id,COUNT(*)n FROM fm_install_checklists_values_log WHERE value_id BETWEEN ? AND ? AND ctime<=? GROUP BY value_id');$x-
include	rapid-pilot/batch-import-legacy-history.php	5	require_once __DIR__.'/legacy-migration/LegacyHistoryMigration.php';
include	rapid-pilot/batch-import-legacy-history.php	6	require_once __DIR__.'/legacy-migration/LegacyMigrationRouter.php';
sql-read	rapid-pilot/batch-import-legacy-history.php	16	try{$q=$source->prepare('SELECT id,ordadr_address,entrance,regnumber,CASE WHEN factworkstartdate<=? THEN factworkstartdate ELSE NULL END factworkstartdate,CASE WHEN ptoactdate<=? THEN ptoactdate ELSE NULL END ptoactdate,object_status,fact_p
sql-read	rapid-pilot/batch-import-legacy-history.php	17	if($rows!==[]){$first=(int)$rows[0]['id'];$last=(int)$rows[array_key_last($rows)]['id'];$events=[];$x=$source->prepare('SELECT value_id,COUNT(*)n FROM fm_install_checklists_values_log WHERE value_id BETWEEN ? AND ? AND ctime<=? GROUP BY val
include	rapid-pilot/batch-import-native-candidates.php	3	use FMonitor2\InstallationProcess\PilotCaseImporter;require_once __DIR__.'/legacy-migration/LegacyMigrationRouter.php';spl_autoload_register(static function(string$c):void{$p='FMonitor2\\InstallationProcess\\';if(str_starts_with($c,$p)){ $f
sql-write-or-schema	rapid-pilot/batch-import-native-candidates.php	7	do{$source->query('SET TRANSACTION ISOLATION LEVEL REPEATABLE READ');$source->query('START TRANSACTION WITH CONSISTENT SNAPSHOT, READ ONLY');try{$q=$source->prepare("SELECT id,ordadr_address,entrance,regnumber,workdatestart,workdateendadjus
sql-read	rapid-pilot/batch-import-native-candidates.php	7	do{$source->query('SET TRANSACTION ISOLATION LEVEL REPEATABLE READ');$source->query('START TRANSACTION WITH CONSISTENT SNAPSHOT, READ ONLY');try{$q=$source->prepare("SELECT id,ordadr_address,entrance,regnumber,workdatestart,workdateendadjus
include	rapid-pilot/batch-register-migration-quarantine.php	3	require_once __DIR__.'/legacy-migration/LegacyMigrationRouter.php';require_once __DIR__.'/legacy-migration/MigrationQuarantineRegistry.php';
sql-read	rapid-pilot/batch-register-migration-quarantine.php	9	do{$source->query('SET TRANSACTION ISOLATION LEVEL REPEATABLE READ');$source->query('START TRANSACTION WITH CONSISTENT SNAPSHOT, READ ONLY');try{$q=$source->prepare('SELECT id,ordadr_address,entrance,regnumber,CASE WHEN factworkstartdate<=?
include	rapid-pilot/connect-active-baselines.php	3	require_once __DIR__.'/legacy-migration/ActiveBaselineOperationalCaseConnector.php';
sql-read	rapid-pilot/connect-active-baselines.php	7	try{$ids=[];if($single!==null)$ids=[$single];else{$s=$db->prepare("SELECT legacy_object_id FROM `{$prefix}fm2_legacy_active_baselines` WHERE legacy_object_id>? ORDER BY legacy_object_id LIMIT ?");$s->bind_param('ii',$after,$size);$s->execut
include	rapid-pilot/docker-bootstrap.php	4	require_once __DIR__.'/IdentityBootstrap.php';require_once __DIR__.'/CompletionFlow.php';require_once __DIR__.'/InspectionSchedule.php';
include	rapid-pilot/docker-bootstrap.php	6	spl_autoload_register(static function(string$class)use($root):void{$p='FMonitor2\\InstallationProcess\\';if(str_starts_with($class,$p)){$f=$root.'/app/InstallationProcess/'.str_replace('\\','/',substr($class,strlen($p))).'.php';if(is_file($
compatibility-reference	rapid-pilot/docker-bootstrap.php	10	try{foreach([PilotLegacyObjectSchemaMigration::class,PilotGenerationSentinelSchemaMigration::class,PilotOtizSchemaMigration::class]as$m){$r=$m::apply($db,$prefix);if(isset($r['reason']))throw new RuntimeException();}WorkforceHistorySchemaRe
compatibility-reference	rapid-pilot/docker-bootstrap.php	14	else{$configured=trim((string)(getenv('FMONITOR_BOOTSTRAP_SUPERADMIN_EMAILS')?:''));if($configured===''||str_contains($configured,','))throw new RuntimeException();$nonce=bin2hex(random_bytes(32));RapidPilotIdentityBootstrap::apply($db,$pre
include	rapid-pilot/generate-workforce-reconciliation-evidence.php	3	require_once __DIR__.'/legacy-migration/WorkforceCatalogReconciliationCandidate.php';
sql-write-or-schema	rapid-pilot/hourly-bitrix-workforce.php	38	$run=wfUuid();$now=(new DateTimeImmutable('now',new DateTimeZone('Europe/Moscow')))->format('Y-m-d\TH:i:sP');$observedDate=substr($now,0,10);$started=$db->prepare("INSERT INTO `{$prefix}fm2_workforce_sync_runs`(run_id,status,started_at) VAL
sql-write-or-schema	rapid-pilot/hourly-bitrix-workforce.php	39	try{[$rows,$pages]=wfFetch($baseUrl,$departments);}catch(Throwable$error){$code=substr(preg_replace('/[^A-Z0-9_]/','_',strtoupper($error->getMessage()))?:'SYNC_FAILED',0,80);$failed=$db->prepare("UPDATE `{$prefix}fm2_workforce_sync_runs` SE
sql-read	rapid-pilot/hourly-bitrix-workforce.php	42	$existing=[];foreach($db->query("SELECT installer_tab_id,fio,position,employment_status,delivery_person_id,reconciliation_state FROM `{$prefix}fm2_workforce_catalog`")->fetch_all(MYSQLI_ASSOC)as$row)$existing[(int)$row['installer_tab_id']]=
sql-write-or-schema	rapid-pilot/hourly-bitrix-workforce.php	43	$observation=$db->prepare("INSERT INTO `{$prefix}fm2_workforce_observations`(sync_run_id,delivery_person_id,employee_number,full_name,position,employment_status,employed_from,dismissal_effective_at,authority_system,delivery_system,source_mo
sql-write-or-schema	rapid-pilot/hourly-bitrix-workforce.php	44	$upsert=$db->prepare("INSERT INTO `{$prefix}fm2_workforce_catalog`(installer_tab_id,fio,position,employment_status,employed_from,employed_to,workforce_source,workforce_source_updated_at,delivery_system,delivery_person_id,dismissal_effective
sql-write-or-schema	rapid-pilot/hourly-bitrix-workforce.php	47	$missing=0;$markMissing=$db->prepare("UPDATE `{$prefix}fm2_workforce_catalog` SET reconciliation_state='missing_from_delivery',last_successful_sync_run_id=?,last_successful_sync_at=? WHERE installer_tab_id=?");
sql-write-or-schema	rapid-pilot/hourly-bitrix-workforce.php	49	$completed=$db->prepare("UPDATE `{$prefix}fm2_workforce_sync_runs` SET status='completed',observed_at=?,completed_at=?,page_count=?,delivered_count=?,material_change_count=?,missing_count=?,normalized_checksum=? WHERE run_id=?");$delivered=
sql-write-or-schema	rapid-pilot/hourly-bitrix-workforce.php	50	$metadata=$db->prepare("UPDATE `{$prefix}fm2_workforce_sync_metadata` SET last_successful_run_id=?,last_successful_at=? WHERE singleton_id=1");$metadata->bind_param('ss',$run,$now);$metadata->execute();$db->commit();
sql-write-or-schema	rapid-pilot/hourly-bitrix-workforce.php	51	}catch(Throwable$error){$db->rollback();$code='PERSISTENCE_FAILED';$failed=$db->prepare("UPDATE `{$prefix}fm2_workforce_sync_runs` SET status='failed',completed_at=?,failure_code=? WHERE run_id=?");$failed->bind_param('sss',$now,$code,$run)
include	rapid-pilot/import-checklist-template.php	5	require_once __DIR__.'/legacy-migration/LegacyChecklistTemplateSnapshot.php';
include	rapid-pilot/import-legacy-history.php	5	require_once __DIR__ . '/legacy-migration/LegacyHistoryMigration.php';
include	rapid-pilot/import-legacy-history.php	6	require_once __DIR__ . '/legacy-migration/LegacyMigrationRouter.php';
include	rapid-pilot/import-production-installers.php	6	spl_autoload_register(static function(string $class):void{$prefix='FMonitor2\\InstallationProcess\\';if(!str_starts_with($class,$prefix))return;$path=dirname(__DIR__).'/app/InstallationProcess/'.str_replace('\\','/',substr($class,strlen($pr
sql-read	rapid-pilot/import-production-installers.php	17	try{$rows=$source->query("SELECT tab_id,tab_id_char,lastname,name,s_name,status,ctime FROM fm_installators WHERE tab_id<>999999 ORDER BY lastname,name,s_name,tab_id")->fetch_all(MYSQLI_ASSOC);$source->commit();}catch(Throwable$error){$sourc
sql-write-or-schema	rapid-pilot/import-production-installers.php	20	$target->begin_transaction();try{$target->query("INSERT INTO `{$prefix}fm2_workforce_sync_runs`(run_id,status,started_at,observed_at,completed_at,page_count,delivered_count,material_change_count,missing_count,normalized_checksum) VALUES('{$
sql-read	rapid-pilot/import-production-installers.php	20	$target->begin_transaction();try{$target->query("INSERT INTO `{$prefix}fm2_workforce_sync_runs`(run_id,status,started_at,observed_at,completed_at,page_count,delivered_count,material_change_count,missing_count,normalized_checksum) VALUES('{$
include	rapid-pilot/import-production-object-details.php	3	require_once __DIR__.'/legacy-migration/WorkforceCatalogReconciliationCandidate.php';
include	rapid-pilot/import-production-object-details.php	4	require_once dirname(__DIR__).'/app/InstallationProcess/ObjectDetailSnapshotSchemaMigration.php';
sql-read	rapid-pilot/import-production-object-details.php	15	try{$metadata=[];foreach($source->query("SELECT f.id,f.sysname,COALESCE(NULLIF(vf.showname,''),f.name) label,f.type FROM fm_fields f LEFT JOIN fm_view_fields vf ON vf.fields_id=f.id AND vf.views_id=4 AND vf.status=1 WHERE f.sysname IN ('".i
sql-read	rapid-pilot/import-production-object-details.php	16	$ids=[];$after=0;$idQuery=$target->prepare("SELECT legacy_installation_object_id FROM `{$p}fm2_installation_cases` WHERE legacy_installation_object_id>? ORDER BY legacy_installation_object_id LIMIT ?");do{$idQuery->bind_param('ii',$after,$p
sql-read	rapid-pilot/import-production-object-details.php	17	$projections=[];$missing=[];for($offset=0;$offset<count($ids);$offset+=$pageSize){$page=array_slice($ids,$offset,$pageSize);$rows=[];foreach($source->query('SELECT id,'.implode(',',$facts).' FROM fm_maintable WHERE id IN('.implode(',',$page
sql-write-or-schema	rapid-pilot/import-production-object-details.php	20	$created=0;$present=0;$insert=$target->prepare("INSERT INTO `{$p}fm2_pilot_object_details` VALUES(?,?,?,?,?)");foreach($projections as$id=>$projection){$s=$target->prepare("SELECT content_sha256 FROM `{$p}fm2_pilot_object_details` WHERE obj
sql-read	rapid-pilot/import-production-object-details.php	20	$created=0;$present=0;$insert=$target->prepare("INSERT INTO `{$p}fm2_pilot_object_details` VALUES(?,?,?,?,?)");foreach($projections as$id=>$projection){$s=$target->prepare("SELECT content_sha256 FROM `{$p}fm2_pilot_object_details` WHERE obj
include	rapid-pilot/import-production-objects.php	6	require_once __DIR__ . '/legacy-migration/LegacyMigrationRouter.php';
include	rapid-pilot/import-production-objects.php	17	if (is_file($path)) require $path;
sql-read	rapid-pilot/import-production-objects.php	55	$projection=$source->prepare("SELECT id,ordadr_address,entrance,regnumber,workdatestart,workdateendadjusted,COALESCE(NULLIF(plan_finish_date,'0000-00-00 00:00:00'),workdatefinish) plan_finish_date,NULL workdatefinish,ptoactdate,responsstroi
sql-read	rapid-pilot/import-production-objects.php	65	$target=$targetConnection();$exists=$target->query("SELECT id FROM `{$legacyPrefix}fm_maintable` WHERE id=".(int)$selectedId)->fetch_assoc()!==null;
sql-write-or-schema	rapid-pilot/import-production-objects.php	66	if(!$exists){$insert=$target->prepare("INSERT INTO `{$legacyPrefix}fm_maintable`(id,ordadr_address,entrance,regnumber,workdatestart,workdateendadjusted,plan_finish_date,workdatefinish,ptoactdate,responsstroicontrol) VALUES(?,?,?,?,?,?,?,?,?
sql-read	rapid-pilot/import-production-objects.php	68	$case=$target->query("SELECT id FROM `{$processPrefix}fm2_installation_cases` WHERE legacy_installation_object_id=".(int)$selectedId)->fetch_assoc();if($case===null)throw new RuntimeException('Imported case missing');
sql-read	rapid-pilot/import-production-objects.php	77	$existingResult = $target->query("SELECT id FROM `{$legacyPrefix}fm_maintable`");
sql-read	rapid-pilot/import-production-objects.php	81	SELECT id, ordadr_address, entrance, regnumber, workdatestart,
sql-read	rapid-pilot/import-production-objects.php	86	(SELECT COUNT(*) FROM fm_install_checklists_values_log l WHERE l.value_id=m.id AND l.ctime<=?) checklist_event_count,
sql-read	rapid-pilot/import-production-objects.php	87	(SELECT COUNT(*) FROM fm_install_checklists_values_installators_log ai JOIN fm_install_checklists_values v ON v.id=ai.checklist_value_id WHERE v.value_id=m.id AND ai.ctime<=?) attribution_count
sql-read	rapid-pilot/import-production-objects.php	116	$caseCount = (int) $target->query("SELECT COUNT(*) AS n FROM `{$processPrefix}fm2_installation_cases`")->fetch_assoc()['n'];
sql-write-or-schema	rapid-pilot/import-production-objects.php	124	"INSERT INTO `{$legacyPrefix}fm_maintable` "
sql-read	rapid-pilot/import-production-objects.php	150	foreach($classifications+$existingClassifications as$id=>$classification){$case=$target->query("SELECT id FROM `{$processPrefix}fm2_installation_cases` WHERE legacy_installation_object_id=".(int)$id)->fetch_assoc();if($case===null){if(isset
sql-read	rapid-pilot/import-production-objects.php	152	$caseCount = (int) $target->query("SELECT COUNT(*) AS n FROM `{$processPrefix}fm2_installation_cases`")->fetch_assoc()['n'];
sql-read	rapid-pilot/initialize-native-only.php	69	$ids = array_map('intval', array_column($db->query("SELECT legacy_installation_object_id FROM `{$prefix}fm2_installation_cases` ORDER BY id")->fetch_all(MYSQLI_ASSOC), 'legacy_installation_object_id'));
compatibility-reference	rapid-pilot/issue-invitation.php	3	$email=mb_strtolower(trim((string)($argv[1]??'')));if(filter_var($email,FILTER_VALIDATE_EMAIL)===false||preg_match('/^[^@]+@shlz\.ru$/D',$email)!==1)throw new InvalidArgumentException('Usage: php rapid-pilot/issue-invitation.php name@shlz.r
compatibility-reference	rapid-pilot/issue-invitation.php	6	if($actorId===false||$actorId===null)throw new InvalidArgumentException('Usage: php rapid-pilot/issue-invitation.php name@shlz.ru administrator-user-id');
compatibility-reference	rapid-pilot/jobs-entrypoint.php	45	[$exit, $result] = JobsRuntimeCommand::execute($arguments);
include	rapid-pilot/issue-invitation.php	7	require_once $root.'/app/autoload.php';
include	rapid-pilot/jobs-entrypoint.php	4	require dirname(__DIR__) . '/app/autoload.php';
include	rapid-pilot/legacy-migration/ActiveBaselineOperationalCaseConnector.php	3	require_once __DIR__.'/ChecklistTemplateAssociation.php';
sql-read	rapid-pilot/legacy-migration/ActiveBaselineOperationalCaseConnector.php	12	if($legacyObjectId<1)throw new InvalidArgumentException('Invalid legacy object id');$p=$this->prefix;$s=$this->db->prepare("SELECT b.id baseline_id,b.legacy_object_id,b.contract_version,b.cutover_at,b.content_sha256 baseline_hash,b.payload_
sql-write-or-schema	rapid-pilot/legacy-migration/ActiveBaselineOperationalCaseConnector.php	22	$state='working';$now=(new DateTimeImmutable($createdAt))->format(DATE_ATOM);$insert=$this->db->prepare("INSERT INTO `{$this->prefix}fm2_installation_cases`(legacy_installation_object_id,process_state,actual_start_date,opened_at,opened_by_u
sql-write-or-schema	rapid-pilot/legacy-migration/ActiveBaselineOperationalCaseConnector.php	24	$version=self::VERSION;$provenance=$this->db->prepare("INSERT INTO `{$this->prefix}fm2_active_case_provenance`(installation_case_id,legacy_object_id,baseline_id,baseline_sha256,cutover_at,template_snapshot_id,template_snapshot_version,templ
sql-write-or-schema	rapid-pilot/legacy-migration/ActiveBaselineOperationalCaseConnector.php	28	private function ensureSchema():void{$this->db->query("CREATE TABLE IF NOT EXISTS `{$this->prefix}fm2_active_case_provenance`(installation_case_id BIGINT UNSIGNED NOT NULL PRIMARY KEY,legacy_object_id BIGINT UNSIGNED NOT NULL,baseline_id BI
sql-read	rapid-pilot/legacy-migration/ActiveBaselineOperationalCaseConnector.php	29	private function existingCase(int$id,bool$lock):?array{$suffix=$lock?' FOR UPDATE':'';$s=$this->db->prepare("SELECT id,process_state,actual_start_date,opened_at FROM `{$this->prefix}fm2_installation_cases` WHERE legacy_installation_object_i
sql-read	rapid-pilot/legacy-migration/ActiveBaselineOperationalCaseConnector.php	30	private function assertCompatible(array$case,array$plan):void{$id=(int)$case['id'];$table=$this->db->real_escape_string($this->prefix.'fm2_active_case_provenance');if((int)$this->db->query("SELECT COUNT(*) n FROM information_schema.TABLES W
include	rapid-pilot/legacy-migration/ChecklistTemplateAssociation.php	5	require_once __DIR__.'/LegacyChecklistTemplateSnapshot.php';
sql-read	rapid-pilot/legacy-migration/ChecklistTemplateAssociation.php	31	$snapshot=$this->db->query("SELECT snapshot_version,valid_from,content_sha256 FROM `{$p}fm2_checklist_template_snapshots` WHERE id=".$snapshotId)->fetch_assoc();
sql-write-or-schema	rapid-pilot/legacy-migration/ChecklistTemplateAssociation.php	36	$insert=$this->db->prepare("INSERT IGNORE INTO `{$p}fm2_checklist_template_associations`(association_version,subject_kind,subject_id,effective_at,template_snapshot_id,template_snapshot_version,template_content_sha256,created_at) VALUES(?,?,
sql-read	rapid-pilot/legacy-migration/ChecklistTemplateAssociation.php	37	$lookup=$this->db->prepare("SELECT id,effective_at,template_snapshot_id,template_snapshot_version,template_content_sha256 FROM `{$p}fm2_checklist_template_associations` WHERE subject_kind=? AND subject_id=?");$lookup->bind_param('ss',$subje
sql-read	rapid-pilot/legacy-migration/ChecklistTemplateAssociation.php	44	$this->requireSchema();$p=$this->prefix;$baseline=$this->db->query("SELECT id,cutover_at FROM `{$p}fm2_legacy_active_baselines` WHERE legacy_object_id=".$legacyObjectId)->fetch_assoc();if(!is_array($baseline))throw new OutOfBoundsException(
sql-read	rapid-pilot/legacy-migration/ChecklistTemplateAssociation.php	45	$snapshot=$this->db->query("SELECT snapshot_version,content_sha256 FROM `{$p}fm2_checklist_template_snapshots` WHERE id=".$snapshotId)->fetch_assoc();if(!is_array($snapshot))throw new OutOfBoundsException('CHECKLIST_TEMPLATE_NOT_FOUND');
sql-read	rapid-pilot/legacy-migration/HistoricalPremiumOperandProfiler.php	13	do{$s=$this->db->prepare("SELECT id,pitmaterial,plan_finish_date,workdateendadjusted,workdatefinish,ptoactdate,object_status FROM fm_maintable WHERE id>? AND (NULLIF(ptoactdate,'0000-00-00 00:00:00') IS NOT NULL OR object_status=259) ORDER 
include	rapid-pilot/legacy-migration/HistoricalPremiumReplayAdapter.php	5	require_once __DIR__.'/PremiumCalculation.php';
include	rapid-pilot/legacy-migration/HistoricalPremiumReplayReadModel.php	5	require_once __DIR__.'/HistoricalPremiumReplayAdapter.php';
include	rapid-pilot/legacy-migration/HistoricalPremiumReplayReadModel.php	6	require_once __DIR__.'/MigratedEvidenceReconciliation.php';
include	rapid-pilot/legacy-migration/HistoricalPremiumReplayReadModel.php	7	require_once __DIR__.'/MigratedEvidenceProjectionStore.php';
sql-read	rapid-pilot/legacy-migration/LegacyActiveBaselineReadModel.php	20	$total=(int)$this->db->query("SELECT COUNT(*) n FROM `{$this->prefix}fm2_legacy_active_baselines` b {$joins}{$whereSql}")->fetch_assoc()['n'];$pages=max(1,(int)ceil($total/$pageSize));$page=min($page,$pages);$offset=($page-1)*$pageSize;
sql-read	rapid-pilot/legacy-migration/LegacyActiveBaselineReadModel.php	21	$rows=$this->db->query("SELECT b.*,a.id association_id,a.effective_at association_effective_at,a.template_snapshot_id,a.template_snapshot_version association_template_version,a.template_content_sha256 association_template_hash,t.snapshot_ve
sql-read	rapid-pilot/legacy-migration/LegacyActiveBaselineReadModel.php	23	$summary=$this->db->query("SELECT COUNT(*) total,SUM({$ready}) ready,SUM(NOT({$ready})) blocked,SUM(JSON_LENGTH(JSON_EXTRACT(b.payload_json,'$.classification.quarantineCodes'))>0) quarantined FROM `{$this->prefix}fm2_legacy_active_baselines
sql-read	rapid-pilot/legacy-migration/LegacyActiveBaselineReadModel.php	37	private function tableExists(string$suffix):bool{$table=$this->db->real_escape_string($this->prefix.$suffix);return(int)$this->db->query("SELECT COUNT(*) n FROM information_schema.TABLES WHERE TABLE_SCHEMA=DATABASE() AND TABLE_NAME='{$table
include	rapid-pilot/legacy-migration/LegacyChecklistTemplateSnapshot.php	5	require_once dirname(__DIR__, 2).'/app/InstallationProcess/MariaDbSchemaInspector.php';
include	rapid-pilot/legacy-migration/LegacyChecklistTemplateSnapshot.php	6	require_once dirname(__DIR__, 2).'/app/InstallationProcess/DatabaseUnavailable.php';
include	rapid-pilot/legacy-migration/LegacyChecklistTemplateSnapshot.php	7	require_once dirname(__DIR__, 2).'/app/InstallationProcess/IdentityAccessDefinitionSchemaMigration.php';
include	rapid-pilot/legacy-migration/LegacyChecklistTemplateSnapshot.php	8	require_once dirname(__DIR__, 2).'/app/InstallationProcess/ChecklistTemplateSchemaMigration.php';
sql-read	rapid-pilot/legacy-migration/LegacyChecklistTemplateSnapshot.php	33	$parts=$this->db->query('SELECT id,name,rang FROM fm_install_checklist_parts ORDER BY rang,id')->fetch_all(MYSQLI_ASSOC);
sql-read	rapid-pilot/legacy-migration/LegacyChecklistTemplateSnapshot.php	34	$definitions=$this->db->query('SELECT id,part_id,name,share,rang,needphoto FROM fm_install_checklist ORDER BY part_id,rang,id')->fetch_all(MYSQLI_ASSOC);
sql-read	rapid-pilot/legacy-migration/LegacyChecklistTemplateSnapshot.php	49	$lookup=$this->db->prepare("SELECT id,content_sha256 FROM `{$p}fm2_checklist_template_snapshots` WHERE valid_from=? FOR UPDATE");$lookup->bind_param('s',$capturedAt);$lookup->execute();$existing=$lookup->get_result()->fetch_assoc();
sql-write-or-schema	rapid-pilot/legacy-migration/LegacyChecklistTemplateSnapshot.php	52	$insert=$this->db->prepare("INSERT INTO `{$p}fm2_checklist_template_snapshots`(snapshot_version,captured_at,valid_from,validity_scope,source_label,content_sha256,payload_json,created_at) VALUES(?,?,?,?,?,?,?,?)");$insert->bind_param('ssssss
include	rapid-pilot/legacy-migration/LegacyHistoryMigration.php	4	require_once __DIR__.'/MigratedEvidenceProjectionStore.php';
sql-read	rapid-pilot/legacy-migration/LegacyHistoryMigration.php	65	SELECT id, ordadr_address, entrance, regnumber, workdatestart, workdatefinish,
sql-read	rapid-pilot/legacy-migration/LegacyHistoryMigration.php	71	SELECT l.id, l.value_id, l.checklist_id, l.value, l.ctime, l.cuser_id,
sql-read	rapid-pilot/legacy-migration/LegacyHistoryMigration.php	78	SELECT a.id, a.checklist_value_id, a.tab_id, a.fio, a.ctime, a.cuser_id
sql-write-or-schema	rapid-pilot/legacy-migration/LegacyHistoryMigration.php	115	$this->db->query("CREATE TABLE IF NOT EXISTS `{$p}fm2_history_source_snapshots` (id BIGINT UNSIGNED AUTO_INCREMENT PRIMARY KEY,legacy_object_id BIGINT UNSIGNED NOT NULL,source_system VARCHAR(40) NOT NULL,source_locator VARCHAR(160) NOT NULL
sql-write-or-schema	rapid-pilot/legacy-migration/LegacyHistoryMigration.php	116	$this->db->query("CREATE TABLE IF NOT EXISTS `{$p}fm2_history_import_quarantine` (id BIGINT UNSIGNED AUTO_INCREMENT PRIMARY KEY,snapshot_id BIGINT UNSIGNED NOT NULL,issue_no INT UNSIGNED NOT NULL,code VARCHAR(80) NOT NULL,diagnostic_json LO
sql-write-or-schema	rapid-pilot/legacy-migration/LegacyHistoryMigration.php	127	$sql = "INSERT IGNORE INTO `{$this->prefix}fm2_history_source_snapshots`(legacy_object_id,source_system,source_locator,cutoff_at,extractor_version,content_sha256,payload_json,created_at) VALUES(?,'legacy_fmonitor','fm_maintable+checklist_lo
sql-read	rapid-pilot/legacy-migration/LegacyHistoryMigration.php	133	$lookup = $this->db->prepare("SELECT id FROM `{$this->prefix}fm2_history_source_snapshots` WHERE content_sha256=?");
sql-write-or-schema	rapid-pilot/legacy-migration/LegacyHistoryMigration.php	136	$issueInsert = $this->db->prepare("INSERT IGNORE INTO `{$this->prefix}fm2_history_import_quarantine`(snapshot_id,issue_no,code,diagnostic_json) VALUES(?,?,?,?)");
include	rapid-pilot/legacy-migration/LegacyMigrationRouter.php	5	require_once __DIR__ . '/LegacyObjectClassification.php';
include	rapid-pilot/legacy-migration/LegacyMigrationRouter.php	11	if(is_file($file))require_once $file;
sql-read	rapid-pilot/legacy-migration/LegacyMigrationRouter.php	38	SELECT m.id,m.ordadr_address,m.entrance,m.regnumber,
sql-read	rapid-pilot/legacy-migration/LegacyMigrationRouter.php	41	(SELECT COUNT(*) FROM fm_install_checklists_values_log e WHERE e.value_id=m.id AND e.ctime<=?) checklist_event_count,
sql-read	rapid-pilot/legacy-migration/LegacyMigrationRouter.php	42	(SELECT COUNT(*) FROM fm_install_checklists_values_installators_log ai JOIN fm_install_checklists_values v ON v.id=ai.checklist_value_id WHERE v.value_id=m.id AND ai.ctime<=?) attribution_count
sql-write-or-schema	rapid-pilot/legacy-migration/LegacyMigrationRouter.php	76	if (!$this->schemaReady) { $this->db->query("CREATE TABLE IF NOT EXISTS `{$p}fm2_legacy_active_baselines` (id BIGINT UNSIGNED AUTO_INCREMENT PRIMARY KEY,legacy_object_id BIGINT UNSIGNED NOT NULL,contract_version VARCHAR(80) NOT NULL,cutover
sql-write-or-schema	rapid-pilot/legacy-migration/LegacyMigrationRouter.php	79	$insert = $this->db->prepare("INSERT IGNORE INTO `{$p}fm2_legacy_active_baselines`(legacy_object_id,contract_version,cutover_at,content_sha256,payload_json,created_at) VALUES(?,?,?,?,?,?)");
sql-read	rapid-pilot/legacy-migration/LegacyMigrationRouter.php	82	$lookup = $this->db->prepare("SELECT id,content_sha256 FROM `{$p}fm2_legacy_active_baselines` WHERE legacy_object_id=?"); $lookup->bind_param('i', $id); $lookup->execute();
sql-write-or-schema	rapid-pilot/legacy-migration/LegacyMigrationRouter.php	124	$insert = $this->db->prepare("INSERT IGNORE INTO `{$p}fm2_migration_classification_provenance`(output_kind,legacy_object_id,output_id,source_cutoff_at,classification_version,category,reason_codes_json,classification_sha256,created_at) VALUE
sql-read	rapid-pilot/legacy-migration/LegacyMigrationRouter.php	127	$lookup = $this->db->prepare("SELECT id,legacy_object_id,source_cutoff_at,classification_sha256 FROM `{$p}fm2_migration_classification_provenance` WHERE output_kind=? AND output_id=?");
include	rapid-pilot/legacy-migration/LegacyObjectProfiler.php	5	require_once __DIR__ . '/LegacyObjectClassification.php';
sql-read	rapid-pilot/legacy-migration/LegacyObjectProfiler.php	32	SELECT m.id,m.ordadr_address,m.entrance,m.regnumber,m.factworkstartdate,m.ptoactdate,m.object_status,m.fact_percent,m.workstarted
sql-read	rapid-pilot/legacy-migration/LegacyObjectProfiler.php	44	$events = $this->counts('SELECT value_id object_id,COUNT(*) n FROM fm_install_checklists_values_log WHERE value_id BETWEEN ? AND ? GROUP BY value_id', $first, $last);
sql-read	rapid-pilot/legacy-migration/LegacyObjectProfiler.php	45	$attributions = $this->counts('SELECT v.value_id object_id,COUNT(*) n FROM fm_install_checklists_values_installators_log ai JOIN fm_install_checklists_values v ON v.id=ai.checklist_value_id WHERE v.value_id BETWEEN ? AND ? GROUP BY v.value_
include	rapid-pilot/legacy-migration/MigratedEvidenceDecisionLedger.php	3	require_once dirname(__DIR__,2).'/app/PilotHttp/AccessPolicy.php';
include	rapid-pilot/legacy-migration/MigratedEvidenceDecisionLedger.php	5	require_once __DIR__.'/MigratedEvidenceReconciliation.php';
include	rapid-pilot/legacy-migration/MigratedEvidenceDecisionLedger.php	6	require_once __DIR__.'/MigratedEvidenceProjectionStore.php';
sql-write-or-schema	rapid-pilot/legacy-migration/MigratedEvidenceDecisionLedger.php	33	$s=$this->db->prepare("INSERT INTO `{$this->prefix}fm2_migrated_evidence_decisions`(operation_id,request_sha256,snapshot_id,snapshot_sha256,projection_sha256,source_locator,issue_code,outcome,target_locator,reason,actor_user_id,occurred_at)
sql-read	rapid-pilot/legacy-migration/MigratedEvidenceDecisionLedger.php	46	$s=$this->db->prepare("SELECT id,operation_id,snapshot_id,snapshot_sha256,projection_sha256,source_locator,issue_code,outcome,target_locator,reason,actor_user_id,occurred_at FROM `{$this->prefix}fm2_migrated_evidence_decisions` WHERE snapsh
sql-read	rapid-pilot/legacy-migration/MigratedEvidenceDecisionLedger.php	51	return $this->db->query("SELECT d.id,d.operation_id,d.snapshot_id,d.snapshot_sha256,d.projection_sha256,d.source_locator,d.issue_code,d.outcome,d.target_locator,d.reason,d.actor_user_id,d.occurred_at FROM `{$this->prefix}fm2_migrated_eviden
sql-read	rapid-pilot/legacy-migration/MigratedEvidenceDecisionLedger.php	65	private function operation(string $id,bool $lock):?array{$suffix=$lock?' FOR UPDATE':'';$s=$this->db->prepare("SELECT id,request_sha256 FROM `{$this->prefix}fm2_migrated_evidence_decisions` WHERE operation_id=?{$suffix}");$s->bind_param('s'
include	rapid-pilot/legacy-migration/MigratedEvidenceProjectionStore.php	3	require_once __DIR__.'/MigratedEvidenceReconciliation.php';
sql-write-or-schema	rapid-pilot/legacy-migration/MigratedEvidenceProjectionStore.php	10	public function persist(int$id,string$at):array{$s=$this->db->prepare("SELECT * FROM `{$this->p}fm2_history_source_snapshots` WHERE id=?");$s->bind_param('i',$id);$s->execute();$snapshot=$s->get_result()->fetch_assoc();if(!is_array($snapsho
sql-read	rapid-pilot/legacy-migration/MigratedEvidenceProjectionStore.php	10	public function persist(int$id,string$at):array{$s=$this->db->prepare("SELECT * FROM `{$this->p}fm2_history_source_snapshots` WHERE id=?");$s->bind_param('i',$id);$s->execute();$snapshot=$s->get_result()->fetch_assoc();if(!is_array($snapsho
sql-read	rapid-pilot/legacy-migration/MigratedEvidenceProjectionStore.php	11	public function backfill(string$at):array{$this->ensureSchema();$ids=$this->db->query("SELECT s.id FROM `{$this->p}fm2_history_source_snapshots` s WHERE NOT EXISTS(SELECT 1 FROM `{$this->p}fm2_history_source_snapshots` n WHERE n.legacy_obje
sql-read	rapid-pilot/legacy-migration/MigratedEvidenceProjectionStore.php	12	public function single(int$id):array{$s=$this->db->prepare("SELECT payload_json FROM `{$this->p}fm2_migrated_evidence_projection` WHERE snapshot_id=?");$s->bind_param('i',$id);$s->execute();$r=$s->get_result()->fetch_assoc();if(!is_array($r
sql-read	rapid-pilot/legacy-migration/MigratedEvidenceProjectionStore.php	13	public function page(array$f,int$page,int$size=50):array{$where=['1=1'];foreach(['classification'=>'classification','grade'=>'evidence_grade']as$k=>$column)if(($f[$k]??'')!=='')$where[]=$column."='".$this->db->real_escape_string($f[$k])."'"
sql-write-or-schema	rapid-pilot/legacy-migration/MigratedEvidenceProjectionStore.php	14	public function recordDecision(int$snapshotId,string$code,int$decisionId,string$outcome):void{$s=$this->db->prepare("INSERT INTO `{$this->p}fm2_migrated_evidence_decision_state` VALUES(?,?,?,?) ON DUPLICATE KEY UPDATE outcome=IF(VALUES(deci
sql-write-or-schema	rapid-pilot/legacy-migration/MigratedEvidenceProjectionStore.php	15	public function rebuildDecisionState():void{$this->ensureSchema();$this->db->query("DELETE FROM `{$this->p}fm2_migrated_evidence_decision_state`");$this->db->query("INSERT INTO `{$this->p}fm2_migrated_evidence_decision_state` SELECT d.snaps
sql-read	rapid-pilot/legacy-migration/MigratedEvidenceProjectionStore.php	15	public function rebuildDecisionState():void{$this->ensureSchema();$this->db->query("DELETE FROM `{$this->p}fm2_migrated_evidence_decision_state`");$this->db->query("INSERT INTO `{$this->p}fm2_migrated_evidence_decision_state` SELECT d.snaps
sql-read	rapid-pilot/legacy-migration/MigratedEvidenceProjectionStore.php	16	public function reconciliation(array$f,int$page,int$size=50):array{$p=$this->p;$where=['1=1'];if(($f['scope']??'')==='unresolved')$where[]="EXISTS(SELECT 1 FROM `{$p}fm2_migrated_evidence_conflicts` c WHERE c.snapshot_id=e.snapshot_id)";if(
include	rapid-pilot/legacy-migration/MigratedEvidenceReconciliation.php	5	require_once __DIR__ . '/LegacyObjectClassification.php';
include	rapid-pilot/legacy-migration/MigratedEvidenceReconciliation.php	6	require_once __DIR__ . '/LegacyChecklistProgressMapping.php';
sql-read	rapid-pilot/legacy-migration/MigratedEvidenceReconciliation.php	14	if ((int)$db->query("SELECT COUNT(*) n FROM information_schema.TABLES WHERE TABLE_SCHEMA=DATABASE() AND TABLE_NAME='{$table}'")->fetch_assoc()['n'] === 0) return [];
sql-read	rapid-pilot/legacy-migration/MigratedEvidenceReconciliation.php	15	$snapshots = $db->query("SELECT * FROM `{$prefix}fm2_history_source_snapshots` ORDER BY legacy_object_id,id DESC")->fetch_all(MYSQLI_ASSOC);
sql-read	rapid-pilot/legacy-migration/MigratedEvidenceReconciliation.php	16	$issues = $db->query("SELECT q.snapshot_id,q.code,q.diagnostic_json FROM `{$prefix}fm2_history_import_quarantine` q ORDER BY q.snapshot_id,q.issue_no")->fetch_all(MYSQLI_ASSOC);
sql-read	rapid-pilot/legacy-migration/MigratedEvidenceReconciliation.php	19	if ((int)$db->query("SELECT COUNT(*) n FROM information_schema.TABLES WHERE TABLE_SCHEMA=DATABASE() AND TABLE_NAME='{$workforceTable}'")->fetch_assoc()['n'] > 0) {
sql-read	rapid-pilot/legacy-migration/MigratedEvidenceReconciliation.php	20	foreach ($db->query("SELECT installer_tab_id,fio,position,employment_status,workforce_source,workforce_source_updated_at,reconciliation_state,authority_system FROM `{$prefix}fm2_workforce_catalog`")->fetch_all(MYSQLI_ASSOC) as $worker) $wor
include	rapid-pilot/legacy-migration/MigrationQuarantineDecisionLedger.php	3	require_once dirname(__DIR__,2).'/app/PilotHttp/AccessPolicy.php';
sql-write-or-schema	rapid-pilot/legacy-migration/MigrationQuarantineDecisionLedger.php	8	public function decide(array$c):array{$c=$this->validate($c);$hash=hash('sha256',json_encode(array_diff_key($c,['occurredAt'=>true]),JSON_UNESCAPED_UNICODE|JSON_UNESCAPED_SLASHES|JSON_THROW_ON_ERROR));$this->db->begin_transaction();try{$old
sql-read	rapid-pilot/legacy-migration/MigrationQuarantineDecisionLedger.php	8	public function decide(array$c):array{$c=$this->validate($c);$hash=hash('sha256',json_encode(array_diff_key($c,['occurredAt'=>true]),JSON_UNESCAPED_UNICODE|JSON_UNESCAPED_SLASHES|JSON_THROW_ON_ERROR));$this->db->begin_transaction();try{$old
sql-read	rapid-pilot/legacy-migration/MigrationQuarantineDecisionLedger.php	9	public function all():array{return$this->db->query("SELECT operation_id,source_locator,source_cutoff_at,source_digest,classification_version,quarantine_code,outcome,reason,actor_user_id,occurred_at FROM `{$this->p}fm2_migration_quarantine_d
sql-read	rapid-pilot/legacy-migration/MigrationQuarantineDecisionLedger.php	12	private function operation(string$op,bool$lock):?array{$s=$this->db->prepare("SELECT id,request_sha256 FROM `{$this->p}fm2_migration_quarantine_decisions` WHERE operation_id=?".($lock?' FOR UPDATE':''));$s->bind_param('s',$op);$s->execute()
sql-read	rapid-pilot/legacy-migration/MigrationQuarantineReadModel.php	13	$count=$this->prepare("SELECT COUNT(*) n FROM `{$this->prefix}fm2_migration_quarantine_registry` q{$sqlWhere}",$types,$args)->get_result()->fetch_assoc();$total=(int)($count['n']??0);$pages=max(1,(int)ceil($total/self::PAGE_SIZE));$page=min
sql-read	rapid-pilot/legacy-migration/MigrationQuarantineReadModel.php	14	$sql="SELECT q.source_locator,q.source_cutoff_at,q.source_digest,q.classification_version,q.category,q.reason_codes_json,q.quarantine_codes_json,q.first_seen_at,COUNT(o.id) observation_count,MAX(o.observed_at) last_observed_at,MAX(o.run_id)
sql-read	rapid-pilot/legacy-migration/MigrationQuarantineReadModel.php	15	$codes=[];foreach($this->db->query("SELECT quarantine_codes_json FROM `{$this->prefix}fm2_migration_quarantine_registry` ORDER BY id LIMIT 500")->fetch_all(MYSQLI_ASSOC)as$r)foreach($this->codes($r['quarantine_codes_json'])as$c)$codes[$c]=t
sql-read	rapid-pilot/legacy-migration/MigrationQuarantineReadModel.php	17	private function exists(string$suffix):bool{$name=$this->prefix.$suffix;$s=$this->db->prepare('SELECT 1 FROM information_schema.TABLES WHERE TABLE_SCHEMA=DATABASE() AND TABLE_NAME=?');$s->bind_param('s',$name);$s->execute();return$s->get_re
sql-write-or-schema	rapid-pilot/legacy-migration/MigrationQuarantineRegistry.php	11	if(!$this->schemaReady){$this->db->query("CREATE TABLE IF NOT EXISTS `{$p}fm2_migration_quarantine_registry`(id BIGINT UNSIGNED AUTO_INCREMENT PRIMARY KEY,source_system VARCHAR(40) NOT NULL,source_locator VARCHAR(80) NOT NULL,source_cutoff_
sql-write-or-schema	rapid-pilot/legacy-migration/MigrationQuarantineRegistry.php	12	$version=(string)$classification['classificationVersion'];$category=(string)$classification['category'];$reasons=json_encode($classification['reasonCodes'],JSON_UNESCAPED_SLASHES|JSON_THROW_ON_ERROR);$quarantine=json_encode($classification[
sql-read	rapid-pilot/legacy-migration/MigrationQuarantineRegistry.php	12	$version=(string)$classification['classificationVersion'];$category=(string)$classification['category'];$reasons=json_encode($classification['reasonCodes'],JSON_UNESCAPED_SLASHES|JSON_THROW_ON_ERROR);$quarantine=json_encode($classification[
include	rapid-pilot/legacy-migration/PremiumCalculation.php	3	require_once dirname(__DIR__,2).'/app/autoload.php';
sql-read	rapid-pilot/legacy-migration/WorkforceAttributionCoverageProfiler.php	11	foreach(['fm2_history_source_snapshots','fm2_workforce_catalog']as$suffix){$table=$db->real_escape_string($prefix.$suffix);if((int)$db->query("SELECT COUNT(*) n FROM information_schema.TABLES WHERE TABLE_SCHEMA=DATABASE() AND TABLE_NAME='{$
sql-read	rapid-pilot/legacy-migration/WorkforceAttributionCoverageProfiler.php	12	$all=$db->query("SELECT id,legacy_object_id,content_sha256,payload_json FROM `{$prefix}fm2_history_source_snapshots` ORDER BY legacy_object_id,id DESC")->fetch_all(MYSQLI_ASSOC);$snapshots=[];$seen=[];foreach($all as$row){$id=(int)$row['leg
sql-read	rapid-pilot/legacy-migration/WorkforceAttributionCoverageProfiler.php	13	$workers=$db->query("SELECT installer_tab_id,fio,employment_status,reconciliation_state,authority_system,workforce_source_updated_at FROM `{$prefix}fm2_workforce_catalog` ORDER BY installer_tab_id")->fetch_all(MYSQLI_ASSOC);
sql-read	rapid-pilot/legacy-migration/WorkforceCatalogReconciliationCandidate.php	7	public static function inspectLocal(mysqli$db,string$p,array$e):array{self::guard($p,$e);$c=$e['candidate'];$s=$db->prepare("SELECT fio,position,employment_status,authority_system,reconciliation_state FROM `{$p}fm2_workforce_catalog` WHERE 
sql-read	rapid-pilot/legacy-migration/WorkforceCatalogReconciliationCandidate.php	8	public static function assertGeneration(mysqli$db,string$p,array$m,bool$lock=false):void{if(preg_match('/^[A-Za-z0-9_]+$/D',$p)!==1)throw new DomainException('ACTIVE_GENERATION_GUARD_FAILED');$s=$db->prepare("SELECT generation,fingerprint,m
sql-read	rapid-pilot/legacy-migration/WorkforceCatalogReconciliationCandidate.php	10	public static function apply(mysqli$db,string$p,array$e,string$op,string$at,array$generationIdentity):array{self::guard($p,$e);if(preg_match('/^[a-f0-9]{8}-[a-f0-9]{4}-4[a-f0-9]{3}-[89ab][a-f0-9]{3}-[a-f0-9]{12}$/D',$op)!==1||!self::time($a
sql-write-or-schema	rapid-pilot/legacy-migration/WorkforceCatalogReconciliationCandidate.php	12	private static function observe(mysqli$d,string$p,array$c,string$o,string$a,string$h):void{$s=$d->prepare("INSERT INTO `{$p}fm2_workforce_sync_runs`(run_id,status,started_at,observed_at,completed_at,page_count,delivered_count,material_chang
sql-write-or-schema	rapid-pilot/legacy-migration/WorkforceCatalogReconciliationCandidate.php	13	private static function insert(mysqli$d,string$p,array$c,string$o,string$a):void{$f=$c['status']==='dismissed'?$a:null;$s=$d->prepare("INSERT INTO `{$p}fm2_workforce_catalog`(installer_tab_id,fio,position,employment_status,employed_from,emp
sql-write-or-schema	rapid-pilot/legacy-migration/WorkforceCatalogReconciliationCandidate.php	14	private static function update(mysqli$d,string$p,array$c,string$o,string$a):void{$s=$d->prepare("UPDATE `{$p}fm2_workforce_catalog` SET position=?,employment_status=?,workforce_source='one_c_zup_via_bitrix_reconciled',workforce_source_updat
include	rapid-pilot/link-active-baseline-template.php	5	require_once __DIR__.'/legacy-migration/ChecklistTemplateAssociation.php';
sql-read	rapid-pilot/link-active-baseline-template.php	10	$baseline=$db->query("SELECT id,cutover_at FROM `{$prefix}fm2_legacy_active_baselines` WHERE legacy_object_id=".(int)$legacy)->fetch_assoc();$template=$db->query("SELECT snapshot_version,valid_from,content_sha256 FROM `{$prefix}fm2_checklis
include	rapid-pilot/link-operational-case-template.php	5	require_once __DIR__.'/legacy-migration/ChecklistTemplateAssociation.php';
sql-read	rapid-pilot/link-operational-case-template.php	10	$case=$db->query("SELECT c.id,c.process_state,p.source_cutoff_at,p.classification_version,p.category,p.classification_sha256 FROM `{$prefix}fm2_installation_cases` c JOIN `{$prefix}fm2_migration_classification_provenance` p ON p.output_kind
sql-read	rapid-pilot/link-operational-case-template.php	11	$template=$db->query("SELECT snapshot_version,valid_from,content_sha256 FROM `{$prefix}fm2_checklist_template_snapshots` WHERE id=".(int)$snapshotId)->fetch_assoc();if(!is_array($template))throw new DomainException('CHECKLIST_TEMPLATE_SNAPS
include	rapid-pilot/profile-historical-premium-operands.php	5	require_once __DIR__.'/legacy-migration/HistoricalPremiumOperandProfiler.php';
include	rapid-pilot/profile-imported-checklist-mapping.php	5	require_once __DIR__.'/legacy-migration/LegacyChecklistProgressMapping.php';
sql-read	rapid-pilot/profile-imported-checklist-mapping.php	11	foreach($db->query("SELECT legacy_object_id,content_sha256,payload_json FROM `{$prefix}fm2_history_source_snapshots` ORDER BY legacy_object_id,id DESC")->fetch_all(MYSQLI_ASSOC)as$row){
include	rapid-pilot/profile-legacy-objects.php	5	require_once __DIR__ . '/legacy-migration/LegacyObjectProfiler.php';
include	rapid-pilot/profile-legacy-workforce-references.php	3	require_once __DIR__.'/legacy-migration/LegacyWorkforceReferenceProfiler.php';
sql-read	rapid-pilot/profile-legacy-workforce-references.php	7	$local->query('SET TRANSACTION ISOLATION LEVEL REPEATABLE READ');$local->query('START TRANSACTION WITH CONSISTENT SNAPSHOT, READ ONLY');$source->query('SET TRANSACTION ISOLATION LEVEL REPEATABLE READ');$source->query('START TRANSACTION WITH
sql-read	rapid-pilot/profile-native-candidate-queue-visibility.php	5	$manifest=json_decode((string)file_get_contents(queueEnv('FMONITOR_PILOT_ACTIVE_MANIFEST')),true,flags:JSON_THROW_ON_ERROR);$p=(string)($manifest['processPrefix']??'');if(preg_match('/^[A-Za-z0-9_]+$/D',$p)!==1)throw new RuntimeException('C
include	rapid-pilot/profile-otiz-paid-before-balances.php	5	require_once __DIR__ . '/legacy-migration/OtizPaidBeforeBalanceProfiler.php';
include	rapid-pilot/profile-workforce-attribution-coverage.php	3	require_once __DIR__.'/legacy-migration/WorkforceAttributionCoverageProfiler.php';
include	rapid-pilot/reconcile-workforce-catalog-candidate.php	3	require_once __DIR__.'/legacy-migration/WorkforceCatalogReconciliationCandidate.php';
include	rapid-pilot/route-legacy-object.php	5	require_once __DIR__ . '/legacy-migration/LegacyMigrationRouter.php';
include	rapid-pilot/router.php	5	require_once __DIR__ . '/ObjectDetails.php';
include	rapid-pilot/router.php	6	require_once __DIR__ . '/LocalAuth.php';
include	rapid-pilot/router.php	7	require_once __DIR__ . '/Otiz.php';
include	rapid-pilot/router.php	8	require_once __DIR__ . '/Calendar.php';
include	rapid-pilot/router.php	9	require_once __DIR__ . '/Shell.php';
include	rapid-pilot/router.php	10	require_once __DIR__ . '/ObjectQueue.php';
include	rapid-pilot/router.php	11	require_once __DIR__ . '/CompletionFlow.php';
include	rapid-pilot/router.php	12	require_once __DIR__ . '/InspectionSchedule.php';
include	rapid-pilot/router.php	13	require_once __DIR__ . '/UserAccessView.php';require_once dirname(__DIR__) . '/app/PilotHttp/PilotRouteCsp.php';require_once dirname(__DIR__) . '/app/PilotHttp/PilotRouteAdmission.php';\FMonitor2\PilotHttp\PilotRouteCsp::installDirectHeader
include	rapid-pilot/router.php	14	require_once __DIR__ . '/FileTypeAsset.php';
compatibility-reference	rapid-pilot/router.php	72	if (is_string($path) && RapidPilotFileTypeAsset::matches($path)) RapidPilotFileTypeAsset::handle($path);
compatibility-reference	rapid-pilot/router.php	209	\FMonitor2\PilotHttp\PilotRouteAdmission::rejectIfUnknown((string)$path,RapidPilotInspectionSchedule::matches((string)$path)||RapidPilotCompletionFlow::matches((string)$path)||RapidPilotObjectQueue::matches((string)$path)||RapidPilotCalenda
compatibility-reference	rapid-pilot/router.php	210	(new RapidPilotLocalAuth())->handle(is_string($path) ? $path : '/');
compatibility-reference	rapid-pilot/router.php	232	RapidPilotUserAccessView::handleStatus((int) $statusRoute[1]);
compatibility-reference	rapid-pilot/router.php	234	if (is_string($path) && RapidPilotInspectionSchedule::matches($path)) RapidPilotInspectionSchedule::handle($path);
compatibility-reference	rapid-pilot/router.php	235	if (is_string($path) && RapidPilotCompletionFlow::matches($path)) RapidPilotCompletionFlow::handle($path);
compatibility-reference	rapid-pilot/router.php	236	if (is_string($path) && RapidPilotCompletionFlow::blocksLegacyCompletion($path)) exit;
compatibility-reference	rapid-pilot/router.php	237	if (is_string($path) && RapidPilotObjectQueue::matches($path)) RapidPilotObjectQueue::handle();
compatibility-reference	rapid-pilot/router.php	238	if (is_string($path) && RapidPilotCalendar::matches($path)) {
include	rapid-pilot/router.php	239	require_once dirname(__DIR__) . '/app/PilotHttp/PilotHttp.php';
include	rapid-pilot/router.php	240	require_once dirname(__DIR__) . '/app/PilotHttp/PilotView.php';
compatibility-reference	rapid-pilot/router.php	241	(new RapidPilotCalendar())->handle();
compatibility-reference	rapid-pilot/router.php	243	if (is_string($path) && RapidPilotOtiz::matches($path)) {
include	rapid-pilot/router.php	244	require_once dirname(__DIR__) . '/app/PilotHttp/PilotHttp.php';
include	rapid-pilot/router.php	245	require_once dirname(__DIR__) . '/app/PilotHttp/PilotView.php';
compatibility-reference	rapid-pilot/router.php	246	(new RapidPilotOtiz())->handle($path);
include	rapid-pilot/router.php	260	$entrypoint = require dirname(__DIR__) . '/app/PilotHttp/production-entrypoint.php';
compatibility-reference	rapid-pilot/router.php	263	if ($path === '/pilot/admin/users/invite') $response = RapidPilotUserAccessView::invitationResponse($response);
compatibility-reference	rapid-pilot/router.php	267	$body = RapidPilotUserAccessView::enhance($body, $path);
compatibility-reference	rapid-pilot/router.php	268	$body = RapidPilotObjectDetails::enhance($body, $path);
compatibility-reference	rapid-pilot/router.php	269	if (preg_match('#^/pilot/objects/([1-9][0-9]*)$#D', $path, $completionCard) === 1) $body = RapidPilotCompletionFlow::enhanceCard($body, (int) $completionCard[1]);
compatibility-reference	rapid-pilot/router.php	270	if (preg_match('#^/pilot/(?:objects|construction-control/objects)/([1-9][0-9]*)/checklist$#D', $path, $completionChecklist) === 1) $body = RapidPilotCompletionFlow::enhanceChecklist($body, (int) $completionChecklist[1]);
compatibility-reference	rapid-pilot/router.php	271	$body = RapidPilotCompletionFlow::paintStatuses($body);
compatibility-reference	rapid-pilot/router.php	272	if ($path === '/pilot/construction-control') $body = RapidPilotInspectionSchedule::enhanceControl($body);
compatibility-reference	rapid-pilot/router.php	273	$body = RapidPilotShell::decorate($body, (string) ($_SERVER['FMONITOR_AUTH_CSRF'] ?? ''), false, RapidPilotOtiz::currentUserCanAccess(), false);
compatibility-reference	rapid-pilot/start.php	37	'FMONITOR_PILOT_CSS_PATH' => $root . '/rapid-pilot/pilot.css',
compatibility-reference	tools/delivery/compose.yaml.in	41	entrypoint: ["php", "rapid-pilot/jobs-entrypoint.php", "worker"]
compatibility-reference	tools/delivery/compose.yaml.in	74	entrypoint: ["php", "rapid-pilot/jobs-entrypoint.php", "scheduler"]
include	rapid-pilot/tcpdf-autoload.php	5	require_once __DIR__ . '/tecnickcom/tcpdf/tcpdf.php';
include	deploy/runtime/nginx.conf	15	include /etc/nginx/mime.types;
include	deploy/runtime/nginx.conf	26	include /etc/nginx/fastcgi_params;
